family_pfam,family_name,gene_id,gene_name,protein_id,seqid,start,end,strand,evalue,score
PF00125,Histone — кор-гистон (H2A/H2B/H3/H4),gene-LOC141866834,LOC141866834,XP_074612468.1,NC_133895.1,2610647,2611178,-,3.2e-42,133.0
PF00125,Histone — кор-гистон (H2A/H2B/H3/H4),gene-LOC141877853,LOC141877853,XP_074618990.1,NC_133884.1,12301627,12302217,-,3.2e-42,133.0
PF00125,Histone — кор-гистон (H2A/H2B/H3/H4),gene-LOC141896557,LOC141896557,XP_074637905.1,NC_133892.1,8842208,8843378,+,3.2e-42,133.0
PF00125,Histone — кор-гистон (H2A/H2B/H3/H4),gene-LOC141876939,LOC141876939,XP_074617859.1,NC_133884.1,12342964,12344036,+,3.2e-42,133.0
PF00125,Histone — кор-гистон (H2A/H2B/H3/H4),gene-LOC141859804,LOC141859804,XP_074606791.1,NC_133882.1,2781239,2781722,+,3.2e-42,133.0
PF00125,Histone — кор-гистон (H2A/H2B/H3/H4),gene-LOC141897001,LOC141897001,XP_074638512.1,NC_133892.1,9143760,9144494,-,3.2e-42,133.0
PF00125,Histone — кор-гистон (H2A/H2B/H3/H4),gene-LOC141897144,LOC141897144,XP_074638710.1,NC_133882.1,2333549,2334337,+,1.2e-41,131.2
PF00125,Histone — кор-гистон (H2A/H2B/H3/H4),gene-LOC141896666,LOC141896666,XP_074638065.1,NC_133892.1,7251880,7253292,+,1.7e-41,130.7
PF00125,Histone — кор-гистон (H2A/H2B/H3/H4),gene-LOC141889199,LOC141889199,XP_074630513.1,NC_133882.1,6691510,6693445,-,4.3e-35,110.2
PF00125,Histone — кор-гистон (H2A/H2B/H3/H4),gene-LOC141891925,LOC141891925,XP_074633080.1,NC_133890.1,15122079,15153225,-,2e-31,98.4
PF00125,Histone — кор-гистон (H2A/H2B/H3/H4),gene-LOC141891925,LOC141891925,XP_074633079.1,NC_133890.1,15122079,15153225,-,2.4e-31,98.2
PF00125,Histone — кор-гистон (H2A/H2B/H3/H4),gene-LOC141891925,LOC141891925,XP_074633077.1,NC_133890.1,15122079,15153225,-,2.4e-31,98.2
PF00125,Histone — кор-гистон (H2A/H2B/H3/H4),gene-LOC141891925,LOC141891925,XP_074633076.1,NC_133890.1,15122079,15153225,-,5.4e-31,97.1
PF00125,Histone — кор-гистон (H2A/H2B/H3/H4),gene-LOC141870786,LOC141870786,XP_074612893.1,NW_027435761.1,6502,6849,+,2.1e-30,95.2
PF00125,Histone — кор-гистон (H2A/H2B/H3/H4),gene-LOC141889152,LOC141889152,XP_074630434.1,NC_133889.1,2412342,2413645,+,3.3e-26,81.7
PF00125,Histone — кор-гистон (H2A/H2B/H3/H4),gene-LOC141873132,LOC141873132,XP_074613111.1,NC_133883.1,25325760,25326783,+,2.1e-25,79.1
PF00125,Histone — кор-гистон (H2A/H2B/H3/H4),gene-LOC141877855,LOC141877855,XP_074618992.1,NC_133884.1,12305551,12306200,+,4.7e-25,78.0
PF00125,Histone — кор-гистон (H2A/H2B/H3/H4),gene-LOC141893794,LOC141893794,XP_074635317.1,NC_133891.1,4637201,4640248,-,4.9e-25,77.9
PF00125,Histone — кор-гистон (H2A/H2B/H3/H4),gene-LOC141897003,LOC141897003,XP_074638514.1,NC_133892.1,9147368,9148441,+,8.4e-25,77.2
PF00125,Histone — кор-гистон (H2A/H2B/H3/H4),gene-LOC141896559,LOC141896559,XP_074637907.1,NC_133892.1,8837614,8838802,-,1.2e-24,76.7
PF00125,Histone — кор-гистон (H2A/H2B/H3/H4),gene-LOC141877339,LOC141877339,XP_074618377.1,NC_133884.1,12338670,12339733,-,1.4e-24,76.5
PF00125,Histone — кор-гистон (H2A/H2B/H3/H4),gene-LOC141859821,LOC141859821,XP_074606811.1,NC_133882.1,2776741,2777647,-,1.8e-24,76.1
PF00125,Histone — кор-гистон (H2A/H2B/H3/H4),gene-LOC141870777,LOC141870777,XP_074612887.1,NW_027435761.1,2801,3202,+,5.6e-24,74.6
PF00125,Histone — кор-гистон (H2A/H2B/H3/H4),gene-LOC141876593,LOC141876593,XP_074617375.1,NC_133884.1,85765,88607,-,1.3e-22,70.2
PF00125,Histone — кор-гистон (H2A/H2B/H3/H4),gene-LOC141860276,LOC141860276,XP_074607416.1,NC_133893.1,7878920,7881125,+,1.4e-22,70.1
PF00125,Histone — кор-гистон (H2A/H2B/H3/H4),gene-LOC141893715,LOC141893715,XP_074635201.1,NC_133891.1,8843671,8855744,-,2.4e-21,66.1
PF00125,Histone — кор-гистон (H2A/H2B/H3/H4),gene-LOC141893715,LOC141893715,XP_074635200.1,NC_133891.1,8843671,8855744,-,2.4e-21,66.1
PF00125,Histone — кор-гистон (H2A/H2B/H3/H4),gene-LOC141873131,LOC141873131,XP_074613110.1,NC_133883.1,25325109,25325725,-,1.7e-19,60.2
PF00125,Histone — кор-гистон (H2A/H2B/H3/H4),gene-LOC141897469,LOC141897469,XP_074639142.1,NC_133892.1,10287149,10288610,-,2.6e-19,59.6
PF00125,Histone — кор-гистон (H2A/H2B/H3/H4),gene-LOC141879632,LOC141879632,XP_074621010.1,NC_133885.1,6804195,6805242,-,1e-18,57.7
PF00125,Histone — кор-гистон (H2A/H2B/H3/H4),gene-LOC141896558,LOC141896558,XP_074637906.1,NC_133892.1,8838925,8839589,+,1.7e-18,57.0
PF00125,Histone — кор-гистон (H2A/H2B/H3/H4),gene-LOC141859812,LOC141859812,XP_074606801.1,NC_133882.1,2777847,2778632,+,1.7e-18,57.0
PF00125,Histone — кор-гистон (H2A/H2B/H3/H4),gene-LOC141897002,LOC141897002,XP_074638513.1,NC_133892.1,9146575,9147116,-,1.7e-18,57.0
PF00125,Histone — кор-гистон (H2A/H2B/H3/H4),gene-LOC141877854,LOC141877854,XP_074618991.1,NC_133884.1,12303737,12305314,-,1.7e-18,57.0
PF00125,Histone — кор-гистон (H2A/H2B/H3/H4),gene-LOC141877338,LOC141877338,XP_074618376.1,NC_133884.1,12339875,12341392,+,1.7e-18,57.0
PF00125,Histone — кор-гистон (H2A/H2B/H3/H4),gene-LOC141870778,LOC141870778,XP_074612888.1,NW_027435761.1,4031,4411,-,3.1e-18,56.2
PF00125,Histone — кор-гистон (H2A/H2B/H3/H4),gene-LOC141870783,LOC141870783,XP_074612890.1,NW_027435761.1,13702,14082,-,3.1e-18,56.2
PF00125,Histone — кор-гистон (H2A/H2B/H3/H4),gene-LOC141870776,LOC141870776,XP_074612886.1,NW_027435761.1,2106,2486,-,3.1e-18,56.2
PF00125,Histone — кор-гистон (H2A/H2B/H3/H4),gene-LOC141860130,LOC141860130,XP_074607232.1,NC_133893.1,4816379,4825305,+,6.1e-18,55.2
PF00125,Histone — кор-гистон (H2A/H2B/H3/H4),gene-LOC141878630,LOC141878630,XP_074619713.1,NC_133885.1,6496738,6497118,+,3.3e-15,46.4
PF00125,Histone — кор-гистон (H2A/H2B/H3/H4),gene-LOC141882331,LOC141882331,XP_074624385.1,NC_133886.1,14009073,14009453,-,7.3e-15,45.3
PF00125,Histone — кор-гистон (H2A/H2B/H3/H4),gene-LOC141860951,LOC141860951,XP_074608277.1,NC_133893.1,8560436,8561039,+,5.9e-13,39.2
PF00125,Histone — кор-гистон (H2A/H2B/H3/H4),gene-LOC141889360,LOC141889360,XP_074630718.1,NC_133889.1,13131481,13138335,-,6.2e-11,32.8
PF00125,Histone — кор-гистон (H2A/H2B/H3/H4),gene-LOC141860952,LOC141860952,XP_074608278.1,NC_133893.1,8567587,8567997,+,2.2e-10,31.0
PF00125,Histone — кор-гистон (H2A/H2B/H3/H4),gene-LOC141863300,LOC141863300,XP_074608886.1,NC_133894.1,280777,292586,+,3.2e-10,30.4
PF00125,Histone — кор-гистон (H2A/H2B/H3/H4),gene-LOC141866126,LOC141866126,XP_074611655.1,NC_133895.1,15175791,15178725,-,6.4e-10,29.5
PF00125,Histone — кор-гистон (H2A/H2B/H3/H4),gene-LOC141863300,LOC141863300,XP_074608885.1,NC_133894.1,280777,292586,+,6.9e-10,29.4
PF00125,Histone — кор-гистон (H2A/H2B/H3/H4),gene-LOC141878841,LOC141878841,XP_074619987.1,NC_133882.1,24338907,24344467,+,5e-09,26.7
PF00125,Histone — кор-гистон (H2A/H2B/H3/H4),gene-LOC141866521,LOC141866521,XP_074612138.1,NC_133895.1,8433712,8434285,+,3.9e-08,23.8
PF00125,Histone — кор-гистон (H2A/H2B/H3/H4),gene-LOC141896560,LOC141896560,XP_074637908.1,NC_133892.1,8841374,8841785,-,4e-08,23.7
PF00125,Histone — кор-гистон (H2A/H2B/H3/H4),gene-LOC141865759,LOC141865759,XP_074611173.1,NC_133895.1,2585915,2586677,+,4e-08,23.7
PF00125,Histone — кор-гистон (H2A/H2B/H3/H4),gene-LOC141877340,LOC141877340,XP_074618379.1,NC_133884.1,12342212,12342838,-,4e-08,23.7
PF00125,Histone — кор-гистон (H2A/H2B/H3/H4),gene-LOC141877856,LOC141877856,XP_074618993.1,NC_133884.1,12302724,12303108,+,4e-08,23.7
PF00125,Histone — кор-гистон (H2A/H2B/H3/H4),gene-LOC141897004,LOC141897004,XP_074638515.1,NC_133892.1,9144775,9145383,+,4e-08,23.7
PF00125,Histone — кор-гистон (H2A/H2B/H3/H4),gene-LOC141859830,LOC141859830,XP_074606818.1,NC_133882.1,2780355,2780799,-,4e-08,23.7
PF00125,Histone — кор-гистон (H2A/H2B/H3/H4),gene-LOC141886633,LOC141886633,XP_074628956.1,NC_133888.1,3220439,3228095,-,7.5e-08,22.9
PF00125,Histone — кор-гистон (H2A/H2B/H3/H4),gene-LOC141858933,LOC141858933,XP_074605896.1,NC_133892.1,15352078,15355815,-,1.4e-07,22.0
PF00125,Histone — кор-гистон (H2A/H2B/H3/H4),gene-LOC141884161,LOC141884161,XP_074625987.1,NC_133887.1,6767873,6777788,+,7.5e-07,19.7
PF00125,Histone — кор-гистон (H2A/H2B/H3/H4),gene-LOC141884161,LOC141884161,XP_074625986.1,NC_133887.1,6767873,6777788,+,7.6e-07,19.7
PF00125,Histone — кор-гистон (H2A/H2B/H3/H4),gene-LOC141891878,LOC141891878,XP_074633014.1,NC_133890.1,20491622,20494969,+,2.7e-06,17.9
PF00125,Histone — кор-гистон (H2A/H2B/H3/H4),gene-LOC141876450,LOC141876450,XP_074617166.1,NC_133884.1,1712330,1717721,-,7.3e-06,16.5
PF00125,Histone — кор-гистон (H2A/H2B/H3/H4),gene-LOC141870785,LOC141870785,XP_074612891.1,NW_027435761.1,5690,6001,-,8.9e-06,16.2
PF00145,DNA_methylase — C-5 цитозин-ДНК-метилтрансфераза (DNMT),gene-LOC141882846,LOC141882846,XP_074624725.1,NC_133882.1,26316122,26342292,-,2e-55,178.5
PF00145,DNA_methylase — C-5 цитозин-ДНК-метилтрансфераза (DNMT),gene-LOC141876438,LOC141876438,XP_074617150.1,NC_133884.1,22276334,22286440,-,1.3e-46,149.5
PF00145,DNA_methylase — C-5 цитозин-ДНК-метилтрансфераза (DNMT),gene-LOC141881618,LOC141881618,XP_074623504.1,NC_133886.1,15919421,15951412,+,8.4e-25,77.8
PF00385,Chromo — хромодомен,gene-LOC141876265,LOC141876265,XP_074616893.1,NC_133884.1,8438149,8482394,+,6.6e-25,77.0
PF00385,Chromo — хромодомен,gene-LOC141881008,LOC141881008,XP_074622744.1,NC_133886.1,3085181,3088424,-,3e-23,71.7
PF00385,Chromo — хромодомен,gene-LOC141883287,LOC141883287,XP_074624823.1,NC_133882.1,5570529,5602246,+,5.1e-23,71.0
PF00385,Chromo — хромодомен,gene-LOC141890328,LOC141890328,XP_074631872.1,NC_133889.1,2744191,2747160,-,1.8e-20,62.8
PF00385,Chromo — хромодомен,gene-LOC141875994,LOC141875994,XP_074616585.1,NC_133884.1,1926799,1931696,-,3.3e-20,62.0
PF00385,Chromo — хромодомен,gene-LOC141884405,LOC141884405,XP_074626287.1,NC_133887.1,3137546,3156415,+,4.4e-19,58.4
PF00385,Chromo — хромодомен,gene-LOC141884405,LOC141884405,XP_074626286.1,NC_133887.1,3137546,3156415,+,5.8e-19,58.0
PF00385,Chromo — хромодомен,gene-LOC141875982,LOC141875982,XP_074616565.1,NC_133884.1,1973477,1983371,+,1.4e-17,53.6
PF00385,Chromo — хромодомен,gene-LOC141875982,LOC141875982,XP_074616567.1,NC_133884.1,1973477,1983371,+,1.4e-17,53.6
PF00385,Chromo — хромодомен,gene-LOC141883672,LOC141883672,XP_074625338.1,NC_133887.1,9377876,9412113,+,6e-17,51.5
PF00385,Chromo — хромодомен,gene-LOC141875982,LOC141875982,XP_074616564.1,NC_133884.1,1973477,1983371,+,7.1e-17,51.3
PF00385,Chromo — хромодомен,gene-LOC141883672,LOC141883672,XP_074625339.1,NC_133887.1,9377876,9412113,+,7.6e-17,51.2
PF00385,Chromo — хромодомен,gene-LOC141883672,LOC141883672,XP_074625337.1,NC_133887.1,9377876,9412113,+,7.7e-17,51.2
PF00385,Chromo — хромодомен,gene-LOC141883672,LOC141883672,XP_074625335.1,NC_133887.1,9377876,9412113,+,8e-17,51.2
PF00385,Chromo — хромодомен,gene-LOC141883672,LOC141883672,XP_074625333.1,NC_133887.1,9377876,9412113,+,8.1e-17,51.1
PF00385,Chromo — хромодомен,gene-LOC141883672,LOC141883672,XP_074625332.1,NC_133887.1,9377876,9412113,+,8.1e-17,51.1
PF00385,Chromo — хромодомен,gene-LOC141883672,LOC141883672,XP_074625334.1,NC_133887.1,9377876,9412113,+,8.1e-17,51.1
PF00385,Chromo — хромодомен,gene-LOC141895390,LOC141895390,XP_074637295.1,NC_133882.1,5729666,5732217,-,5.1e-16,48.6
PF00385,Chromo — хромодомен,gene-LOC141895377,LOC141895377,XP_074637274.1,NC_133882.1,5715208,5717759,-,5.1e-16,48.6
PF00385,Chromo — хромодомен,gene-LOC141883975,LOC141883975,XP_074625736.1,NC_133887.1,21366616,21373456,+,7.1e-16,48.1
PF00385,Chromo — хромодомен,gene-LOC141895377,LOC141895377,XP_074637266.1,NC_133882.1,5715208,5717759,-,7.8e-16,48.0
PF00385,Chromo — хромодомен,gene-LOC141895390,LOC141895390,XP_074637288.1,NC_133882.1,5729666,5732217,-,7.8e-16,48.0
PF00385,Chromo — хромодомен,gene-LOC141875533,LOC141875533,XP_074615939.1,NC_133884.1,26212594,26215314,-,8.7e-15,44.6
PF00385,Chromo — хромодомен,gene-LOC141866517,LOC141866517,XP_074612134.1,NC_133895.1,7751804,7753345,-,2.2e-14,43.3
PF00385,Chromo — хромодомен,gene-LOC141890466,LOC141890466,XP_074632052.1,NC_133889.1,1455149,1456824,-,1.1e-11,34.7
PF00385,Chromo — хромодомен,gene-LOC141890466,LOC141890466,XP_074632051.1,NC_133889.1,1455149,1456824,-,1.1e-11,34.7
PF00385,Chromo — хромодомен,gene-LOC141891609,LOC141891609,XP_074632707.1,NC_133882.1,22581984,22585186,+,1.4e-11,34.4
PF00385,Chromo — хромодомен,gene-LOC141880716,LOC141880716,XP_074622370.1,NC_133882.1,11723673,11724101,-,4.8e-11,32.7
PF00385,Chromo — хромодомен,gene-LOC141859489,LOC141859489,XP_074606442.1,NC_133893.1,10183705,10184717,+,6.6e-10,29.0
PF00385,Chromo — хромодомен,gene-LOC141882153,LOC141882153,XP_074624209.1,NC_133886.1,8850199,8880801,-,2.9e-07,20.6
PF00385,Chromo — хромодомен,gene-LOC141882153,LOC141882153,XP_074624208.1,NC_133886.1,8850199,8880801,-,3.6e-07,20.2
PF00385,Chromo — хромодомен,gene-LOC141894073,LOC141894073,XP_074635717.1,NC_133891.1,17255478,17265822,+,3e-06,17.3
PF00385,Chromo — хромодомен,gene-LOC141894073,LOC141894073,XP_074635718.1,NC_133891.1,17255478,17265822,+,3e-06,17.3
PF00439,"Bromodomain — бромодомен, ридер ацетил-лизина",gene-LOC141863352,LOC141863352,XP_074608959.1,NC_133894.1,13112842,13166697,-,1.4e-115,367.7
PF00439,"Bromodomain — бромодомен, ридер ацетил-лизина",gene-LOC141895536,LOC141895536,XP_074637489.1,NC_133882.1,31279597,31300254,-,1e-47,150.2
PF00439,"Bromodomain — бромодомен, ридер ацетил-лизина",gene-LOC141895536,LOC141895536,XP_074637480.1,NC_133882.1,31279597,31300254,-,1.2e-47,150.0
PF00439,"Bromodomain — бромодомен, ридер ацетил-лизина",gene-LOC141895536,LOC141895536,XP_074637473.1,NC_133882.1,31279597,31300254,-,1.2e-47,150.0
PF00439,"Bromodomain — бромодомен, ридер ацетил-лизина",gene-LOC141884315,LOC141884315,XP_074626176.1,NC_133887.1,5840475,5866934,+,2.1e-43,136.4
PF00439,"Bromodomain — бромодомен, ридер ацетил-лизина",gene-LOC141878922,LOC141878922,XP_074620091.1,NC_133885.1,8671898,8706275,+,3.5e-42,132.5
PF00439,"Bromodomain — бромодомен, ридер ацетил-лизина",gene-LOC141878922,LOC141878922,XP_074620092.1,NC_133885.1,8671898,8706275,+,3.5e-42,132.5
PF00439,"Bromodomain — бромодомен, ридер ацетил-лизина",gene-LOC141897095,LOC141897095,XP_074638644.1,NC_133892.1,18542927,18560171,-,5.4e-32,99.8
PF00439,"Bromodomain — бромодомен, ридер ацетил-лизина",gene-LOC141897650,LOC141897650,XP_074639374.1,NC_133892.1,14659292,14667907,+,3e-31,97.5
PF00439,"Bromodomain — бромодомен, ридер ацетил-лизина",gene-LOC141897650,LOC141897650,XP_074639373.1,NC_133892.1,14659292,14667907,+,3e-31,97.5
PF00439,"Bromodomain — бромодомен, ридер ацетил-лизина",gene-LOC141874312,LOC141874312,XP_074614625.1,NC_133883.1,11822168,11850840,+,1.6e-27,85.5
PF00439,"Bromodomain — бромодомен, ридер ацетил-лизина",gene-LOC141874312,LOC141874312,XP_074614624.1,NC_133883.1,11822168,11850840,+,1.6e-27,85.5
PF00439,"Bromodomain — бромодомен, ридер ацетил-лизина",gene-LOC141874312,LOC141874312,XP_074614622.1,NC_133883.1,11822168,11850840,+,1.6e-27,85.5
PF00439,"Bromodomain — бромодомен, ридер ацетил-лизина",gene-LOC141874312,LOC141874312,XP_074614623.1,NC_133883.1,11822168,11850840,+,1.6e-27,85.5
PF00439,"Bromodomain — бромодомен, ридер ацетил-лизина",gene-LOC141863293,LOC141863293,XP_074608869.1,NC_133894.1,517407,527601,-,4.1e-27,84.2
PF00439,"Bromodomain — бромодомен, ридер ацетил-лизина",gene-LOC141863293,LOC141863293,XP_074608870.1,NC_133894.1,517407,527601,-,4.1e-27,84.2
PF00439,"Bromodomain — бромодомен, ридер ацетил-лизина",gene-LOC141881559,LOC141881559,XP_074623448.1,NC_133886.1,17821312,17840219,-,8.6e-27,83.2
PF00439,"Bromodomain — бромодомен, ридер ацетил-лизина",gene-LOC141866828,LOC141866828,XP_074612463.1,NC_133895.1,4393101,4427523,+,1e-25,79.7
PF00439,"Bromodomain — бромодомен, ридер ацетил-лизина",gene-LOC141866828,LOC141866828,XP_074612462.1,NC_133895.1,4393101,4427523,+,1e-25,79.7
PF00439,"Bromodomain — бромодомен, ридер ацетил-лизина",gene-LOC141890471,LOC141890471,XP_074632056.1,NC_133889.1,6372110,6391302,-,5e-25,77.5
PF00439,"Bromodomain — бромодомен, ридер ацетил-лизина",gene-LOC141892385,LOC141892385,XP_074633723.1,NC_133890.1,21885099,21895260,+,1.2e-24,76.3
PF00439,"Bromodomain — бромодомен, ридер ацетил-лизина",gene-LOC141897742,LOC141897742,XP_074639460.1,NC_133892.1,10037766,10053391,-,3.9e-24,74.7
PF00439,"Bromodomain — бромодомен, ридер ацетил-лизина",gene-LOC141877156,LOC141877156,XP_074618144.1,NC_133884.1,3730445,3746443,-,4.9e-24,74.3
PF00439,"Bromodomain — бромодомен, ридер ацетил-лизина",gene-LOC141877862,LOC141877862,XP_074618996.1,NC_133884.1,24892179,24919485,-,5.1e-23,71.1
PF00439,"Bromodomain — бромодомен, ридер ацетил-лизина",gene-LOC141880591,LOC141880591,XP_074622182.1,NC_133886.1,2238107,2266093,-,7.6e-22,67.3
PF00439,"Bromodomain — бромодомен, ридер ацетил-лизина",gene-LOC141880591,LOC141880591,XP_074622183.1,NC_133886.1,2238107,2266093,-,7.7e-22,67.3
PF00439,"Bromodomain — бромодомен, ридер ацетил-лизина",gene-LOC141880591,LOC141880591,XP_074622180.1,NC_133886.1,2238107,2266093,-,7.7e-22,67.3
PF00439,"Bromodomain — бромодомен, ридер ацетил-лизина",gene-LOC141880591,LOC141880591,XP_074622181.1,NC_133886.1,2238107,2266093,-,7.8e-22,67.3
PF00439,"Bromodomain — бромодомен, ридер ацетил-лизина",gene-LOC141897860,LOC141897860,XP_074639610.1,NC_133892.1,20527801,20540678,-,1.8e-21,66.1
PF00439,"Bromodomain — бромодомен, ридер ацетил-лизина",gene-LOC141897860,LOC141897860,XP_074639609.1,NC_133892.1,20527801,20540678,-,1.9e-21,66.1
PF00439,"Bromodomain — бромодомен, ридер ацетил-лизина",gene-LOC141880255,LOC141880255,XP_074621810.1,NC_133885.1,24062634,24092859,-,8.5e-21,63.9
PF00439,"Bromodomain — бромодомен, ридер ацетил-лизина",gene-LOC141880255,LOC141880255,XP_074621809.1,NC_133885.1,24062634,24092859,-,8.7e-21,63.9
PF00439,"Bromodomain — бромодомен, ридер ацетил-лизина",gene-LOC141880255,LOC141880255,XP_074621808.1,NC_133885.1,24062634,24092859,-,8.8e-21,63.9
PF00439,"Bromodomain — бромодомен, ридер ацетил-лизина",gene-LOC141894075,LOC141894075,XP_074635721.1,NC_133891.1,21760754,21780227,+,8.2e-20,60.8
PF00439,"Bromodomain — бромодомен, ридер ацетил-лизина",gene-LOC141883801,LOC141883801,XP_074625522.1,NC_133887.1,3220076,3233113,-,1.3e-19,60.1
PF00439,"Bromodomain — бромодомен, ридер ацетил-лизина",gene-LOC141877863,LOC141877863,XP_074618998.1,NC_133884.1,24919657,24934915,+,3.4e-18,55.6
PF00538,Linker_histone — линкерный гистон H1/H5,gene-LOC141865918,LOC141865918,XP_074611379.1,NC_133895.1,2608105,2609385,-,1.3e-35,111.6
PF00538,Linker_histone — линкерный гистон H1/H5,gene-LOC141870780,LOC141870780,XP_074612889.1,NW_027435761.1,7554,8090,-,5.4e-35,109.7
PF00538,Linker_histone — линкерный гистон H1/H5,gene-LOC141896766,LOC141896766,XP_074638200.1,NC_133892.1,8215779,8216758,+,8.7e-32,99.4
PF00538,Linker_histone — линкерный гистон H1/H5,gene-LOC141859798,LOC141859798,XP_074606778.1,NC_133882.1,2783880,2785602,+,1e-31,99.2
PF00538,Linker_histone — линкерный гистон H1/H5,gene-LOC141877287,LOC141877287,XP_074618308.1,NC_133884.1,12348510,12349112,+,1.5e-31,98.7
PF00538,Linker_histone — линкерный гистон H1/H5,gene-LOC141889761,LOC141889761,XP_074631178.1,NC_133882.1,9470135,9471189,-,4e-30,94.1
PF00538,Linker_histone — линкерный гистон H1/H5,gene-LOC141897854,LOC141897854,XP_074639597.1,NC_133892.1,915023,916319,+,1.2e-25,79.7
PF00538,Linker_histone — линкерный гистон H1/H5,gene-LOC141885770,LOC141885770,XP_074627752.1,NC_133888.1,18664377,18665615,-,5.7e-11,32.7
PF00538,Linker_histone — линкерный гистон H1/H5,gene-LOC141894158,LOC141894158,XP_074635818.1,NC_133891.1,558699,560899,+,6.6e-11,32.5
PF00538,Linker_histone — линкерный гистон H1/H5,gene-LOC141863291,LOC141863291,XP_074608895.1,NC_133883.1,7487241,7500718,-,1.4e-10,31.5
PF00538,Linker_histone — линкерный гистон H1/H5,gene-LOC141863291,LOC141863291,XP_074608903.1,NC_133883.1,7487241,7500718,-,1.4e-10,31.5
PF00538,Linker_histone — линкерный гистон H1/H5,gene-LOC141863291,LOC141863291,XP_074608889.1,NC_133883.1,7487241,7500718,-,1.4e-10,31.5
PF00538,Linker_histone — линкерный гистон H1/H5,gene-LOC141863291,LOC141863291,XP_074608880.1,NC_133883.1,7487241,7500718,-,1.4e-10,31.5
PF00538,Linker_histone — линкерный гистон H1/H5,gene-LOC141863291,LOC141863291,XP_074608871.1,NC_133883.1,7487241,7500718,-,1.4e-10,31.5
PF00538,Linker_histone — линкерный гистон H1/H5,gene-LOC141865390,LOC141865390,XP_074610743.1,NC_133895.1,13377253,13388625,-,3.8e-10,30.1
PF00567,Tudor — Tudor-домен,gene-LOC141895373,LOC141895373,XP_074637256.1,NC_133891.1,18552729,18580491,+,0.0,1593.6
PF00567,Tudor — Tudor-домен,gene-LOC141895373,LOC141895373,XP_074637255.1,NC_133891.1,18552729,18580491,+,0.0,1593.6
PF00567,Tudor — Tudor-домен,gene-LOC141873914,LOC141873914,XP_074614107.1,NC_133883.1,19344316,19357428,+,1e-161,519.3
PF00567,Tudor — Tudor-домен,gene-LOC141873914,LOC141873914,XP_074614106.1,NC_133883.1,19344316,19357428,+,1.9e-161,518.4
PF00567,Tudor — Tudor-домен,gene-LOC141860380,LOC141860380,XP_074607569.1,NC_133893.1,953550,975261,-,3.6e-109,349.7
PF00567,Tudor — Tudor-домен,gene-LOC141884670,LOC141884670,XP_074626604.1,NC_133887.1,6323298,6353390,-,2.7e-93,298.4
PF00567,Tudor — Tudor-домен,gene-LOC141884670,LOC141884670,XP_074626603.1,NC_133887.1,6323298,6353390,-,2.9e-93,298.4
PF00567,Tudor — Tudor-домен,gene-LOC141863372,LOC141863372,XP_074608993.1,NC_133894.1,19198050,19221329,-,6.8e-74,235.8
PF00567,Tudor — Tudor-домен,gene-LOC141863372,LOC141863372,XP_074608992.1,NC_133894.1,19198050,19221329,-,8.4e-74,235.5
PF00567,Tudor — Tudor-домен,gene-LOC141863372,LOC141863372,XP_074608990.1,NC_133894.1,19198050,19221329,-,8.5e-74,235.5
PF00567,Tudor — Tudor-домен,gene-LOC141863372,LOC141863372,XP_074608989.1,NC_133894.1,19198050,19221329,-,8.5e-74,235.5
PF00567,Tudor — Tudor-домен,gene-LOC141863372,LOC141863372,XP_074608988.1,NC_133894.1,19198050,19221329,-,8.5e-74,235.5
PF00567,Tudor — Tudor-домен,gene-LOC141863372,LOC141863372,XP_074608991.1,NC_133894.1,19198050,19221329,-,8.6e-74,235.5
PF00567,Tudor — Tudor-домен,gene-LOC141877089,LOC141877089,XP_074618050.1,NC_133884.1,11420260,11450747,-,8.5e-62,196.8
PF00567,Tudor — Tudor-домен,gene-LOC141877089,LOC141877089,XP_074618049.1,NC_133884.1,11420260,11450747,-,8.7e-62,196.7
PF00567,Tudor — Tudor-домен,gene-LOC141868907,LOC141868907,XP_074612760.1,NC_133883.1,13242195,13255575,+,2.5e-32,101.6
PF00567,Tudor — Tudor-домен,gene-LOC141873248,LOC141873248,XP_074613274.1,NC_133883.1,6328114,6355999,-,4e-32,101.0
PF00567,Tudor — Tudor-домен,gene-LOC141894602,LOC141894602,XP_074636416.1,NC_133882.1,22824414,22845887,-,7.4e-32,100.1
PF00567,Tudor — Tudor-домен,gene-LOC141894602,LOC141894602,XP_074636401.1,NC_133882.1,22824414,22845887,-,1e-31,99.7
PF00567,Tudor — Tudor-домен,gene-LOC141894602,LOC141894602,XP_074636408.1,NC_133882.1,22824414,22845887,-,1e-31,99.7
PF00567,Tudor — Tudor-домен,gene-LOC141893984,LOC141893984,XP_074635606.1,NC_133882.1,26477474,26497464,+,1.2e-30,96.2
PF00567,Tudor — Tudor-домен,gene-LOC141893984,LOC141893984,XP_074635632.1,NC_133882.1,26477474,26497464,+,1.2e-30,96.2
PF00567,Tudor — Tudor-домен,gene-LOC141893984,LOC141893984,XP_074635622.1,NC_133882.1,26477474,26497464,+,1.2e-30,96.2
PF00567,Tudor — Tudor-домен,gene-LOC141875513,LOC141875513,XP_074615914.1,NC_133884.1,16897649,16950632,-,7.8e-29,90.4
PF00567,Tudor — Tudor-домен,gene-LOC141875513,LOC141875513,XP_074615915.1,NC_133884.1,16897649,16950632,-,7.8e-29,90.3
PF00567,Tudor — Tudor-домен,gene-LOC141875513,LOC141875513,XP_074615912.1,NC_133884.1,16897649,16950632,-,8.1e-29,90.3
PF00567,Tudor — Tudor-домен,gene-LOC141875513,LOC141875513,XP_074615913.1,NC_133884.1,16897649,16950632,-,8.1e-29,90.3
PF00567,Tudor — Tudor-домен,gene-LOC141875513,LOC141875513,XP_074615910.1,NC_133884.1,16897649,16950632,-,8.2e-29,90.3
PF00567,Tudor — Tudor-домен,gene-LOC141875513,LOC141875513,XP_074615911.1,NC_133884.1,16897649,16950632,-,8.2e-29,90.3
PF00567,Tudor — Tudor-домен,gene-LOC141881665,LOC141881665,XP_074623562.1,NC_133882.1,25746369,25766279,-,1.5e-27,86.2
PF00567,Tudor — Tudor-домен,gene-LOC141881665,LOC141881665,XP_074623570.1,NC_133882.1,25746369,25766279,-,1.5e-27,86.2
PF00567,Tudor — Tudor-домен,gene-LOC141889974,LOC141889974,XP_074631430.1,NC_133889.1,4699412,4729486,+,3.9e-25,78.4
PF00567,Tudor — Tudor-домен,gene-LOC141894534,LOC141894534,XP_074636316.1,NC_133891.1,20927344,20966942,+,8.3e-23,70.9
PF00567,Tudor — Tudor-домен,gene-LOC141894534,LOC141894534,XP_074636313.1,NC_133891.1,20927344,20966942,+,8.3e-23,70.9
PF00567,Tudor — Tudor-домен,gene-LOC141894534,LOC141894534,XP_074636314.1,NC_133891.1,20927344,20966942,+,8.3e-23,70.9
PF00567,Tudor — Tudor-домен,gene-LOC141894534,LOC141894534,XP_074636315.1,NC_133891.1,20927344,20966942,+,8.3e-23,70.9
PF00567,Tudor — Tudor-домен,gene-LOC141874130,LOC141874130,XP_074614388.1,NC_133883.1,12002216,12016773,+,1.3e-18,57.3
PF00567,Tudor — Tudor-домен,gene-LOC141860015,LOC141860015,XP_074607039.1,NC_133893.1,418857,431174,-,2e-12,37.4
PF00567,Tudor — Tudor-домен,gene-LOC141875513,LOC141875513,XP_074615918.1,NC_133884.1,16897649,16950632,-,2.9e-09,27.2
PF00567,Tudor — Tudor-домен,gene-LOC141875513,LOC141875513,XP_074615916.1,NC_133884.1,16897649,16950632,-,2.9e-09,27.2
PF00567,Tudor — Tudor-домен,gene-LOC141887570,LOC141887570,XP_074629779.1,NC_133882.1,8476965,8481159,-,4.6e-08,23.3
PF00567,Tudor — Tudor-домен,gene-LOC141887570,LOC141887570,XP_074629780.1,NC_133882.1,8476965,8481159,-,4.6e-08,23.3
PF00567,Tudor — Tudor-домен,gene-LOC141859893,LOC141859893,XP_074606890.1,NC_133893.1,19203651,19212629,-,2.9e-07,20.7
PF00628,"PHD — PHD-палец, ридер метилированных гистонов",gene-LOC141881716,LOC141881716,XP_074623655.1,NC_133886.1,23213328,23262186,-,5.6e-41,128.6
PF00628,"PHD — PHD-палец, ридер метилированных гистонов",gene-LOC141881716,LOC141881716,XP_074623654.1,NC_133886.1,23213328,23262186,-,5.9e-41,128.5
PF00628,"PHD — PHD-палец, ридер метилированных гистонов",gene-LOC141864374,LOC141864374,XP_074610199.1,NC_133894.1,19455614,19468732,-,9e-31,95.9
PF00628,"PHD — PHD-палец, ридер метилированных гистонов",gene-LOC141864374,LOC141864374,XP_074610198.1,NC_133894.1,19455614,19468732,-,9.2e-31,95.9
PF00628,"PHD — PHD-палец, ридер метилированных гистонов",gene-LOC141881051,LOC141881051,XP_074622799.1,NC_133886.1,23981030,23991877,+,7.6e-27,83.3
PF00628,"PHD — PHD-палец, ридер метилированных гистонов",gene-LOC141881051,LOC141881051,XP_074622798.1,NC_133886.1,23981030,23991877,+,1.8e-26,82.1
PF00628,"PHD — PHD-палец, ридер метилированных гистонов",gene-LOC141897742,LOC141897742,XP_074639460.1,NC_133892.1,10037766,10053391,-,6.5e-25,77.1
PF00628,"PHD — PHD-палец, ридер метилированных гистонов",gene-LOC141885689,LOC141885689,XP_074627622.1,NC_133888.1,22047525,22057035,+,1.6e-24,75.9
PF00628,"PHD — PHD-палец, ридер метилированных гистонов",gene-LOC141890471,LOC141890471,XP_074632056.1,NC_133889.1,6372110,6391302,-,1.3e-22,69.8
PF00628,"PHD — PHD-палец, ридер метилированных гистонов",gene-LOC141880591,LOC141880591,XP_074622183.1,NC_133886.1,2238107,2266093,-,1.7e-22,69.4
PF00628,"PHD — PHD-палец, ридер метилированных гистонов",gene-LOC141880591,LOC141880591,XP_074622182.1,NC_133886.1,2238107,2266093,-,1.7e-22,69.4
PF00628,"PHD — PHD-палец, ридер метилированных гистонов",gene-LOC141880591,LOC141880591,XP_074622181.1,NC_133886.1,2238107,2266093,-,1.7e-22,69.4
PF00628,"PHD — PHD-палец, ридер метилированных гистонов",gene-LOC141880591,LOC141880591,XP_074622180.1,NC_133886.1,2238107,2266093,-,1.7e-22,69.4
PF00628,"PHD — PHD-палец, ридер метилированных гистонов",gene-LOC141895582,LOC141895582,XP_074637539.1,NC_133891.1,5020131,5029737,+,2.2e-22,69.1
PF00628,"PHD — PHD-палец, ридер метилированных гистонов",gene-LOC141895582,LOC141895582,XP_074637538.1,NC_133891.1,5020131,5029737,+,2.2e-22,69.0
PF00628,"PHD — PHD-палец, ридер метилированных гистонов",gene-LOC141889937,LOC141889937,XP_074631386.1,NC_133889.1,4836219,4840343,+,6.2e-22,67.6
PF00628,"PHD — PHD-палец, ридер метилированных гистонов",gene-LOC141889937,LOC141889937,XP_074631385.1,NC_133889.1,4836219,4840343,+,6.7e-22,67.5
PF00628,"PHD — PHD-палец, ридер метилированных гистонов",gene-LOC141883672,LOC141883672,XP_074625338.1,NC_133887.1,9377876,9412113,+,1.9e-21,66.0
PF00628,"PHD — PHD-палец, ридер метилированных гистонов",gene-LOC141883672,LOC141883672,XP_074625339.1,NC_133887.1,9377876,9412113,+,2.2e-21,65.8
PF00628,"PHD — PHD-палец, ридер метилированных гистонов",gene-LOC141883672,LOC141883672,XP_074625337.1,NC_133887.1,9377876,9412113,+,2.3e-21,65.8
PF00628,"PHD — PHD-палец, ридер метилированных гистонов",gene-LOC141883672,LOC141883672,XP_074625334.1,NC_133887.1,9377876,9412113,+,2.3e-21,65.7
PF00628,"PHD — PHD-палец, ридер метилированных гистонов",gene-LOC141883672,LOC141883672,XP_074625335.1,NC_133887.1,9377876,9412113,+,2.3e-21,65.8
PF00628,"PHD — PHD-палец, ридер метилированных гистонов",gene-LOC141883672,LOC141883672,XP_074625332.1,NC_133887.1,9377876,9412113,+,2.4e-21,65.7
PF00628,"PHD — PHD-палец, ридер метилированных гистонов",gene-LOC141883672,LOC141883672,XP_074625333.1,NC_133887.1,9377876,9412113,+,2.4e-21,65.7
PF00628,"PHD — PHD-палец, ридер метилированных гистонов",gene-LOC141863291,LOC141863291,XP_074608889.1,NC_133883.1,7487241,7500718,-,3.6e-20,61.9
PF00628,"PHD — PHD-палец, ридер метилированных гистонов",gene-LOC141863291,LOC141863291,XP_074608895.1,NC_133883.1,7487241,7500718,-,3.6e-20,61.9
PF00628,"PHD — PHD-палец, ридер метилированных гистонов",gene-LOC141863291,LOC141863291,XP_074608903.1,NC_133883.1,7487241,7500718,-,3.6e-20,61.9
PF00628,"PHD — PHD-палец, ридер метилированных гистонов",gene-LOC141863291,LOC141863291,XP_074608871.1,NC_133883.1,7487241,7500718,-,3.6e-20,61.9
PF00628,"PHD — PHD-палец, ридер метилированных гистонов",gene-LOC141863291,LOC141863291,XP_074608880.1,NC_133883.1,7487241,7500718,-,3.6e-20,61.9
PF00628,"PHD — PHD-палец, ридер метилированных гистонов",gene-LOC141877862,LOC141877862,XP_074618996.1,NC_133884.1,24892179,24919485,-,2.1e-19,59.5
PF00628,"PHD — PHD-палец, ридер метилированных гистонов",gene-LOC141874844,LOC141874844,XP_074615367.1,NC_133883.1,21853792,21868252,-,1.5e-18,56.8
PF00628,"PHD — PHD-палец, ридер метилированных гистонов",gene-LOC141865390,LOC141865390,XP_074610743.1,NC_133895.1,13377253,13388625,-,5.8e-17,51.7
PF00628,"PHD — PHD-палец, ридер метилированных гистонов",gene-LOC141881717,LOC141881717,XP_074623657.1,NC_133886.1,23179321,23208979,-,2.6e-16,49.6
PF00628,"PHD — PHD-палец, ридер метилированных гистонов",gene-LOC141874844,LOC141874844,XP_074615368.1,NC_133883.1,21853792,21868252,-,5.4e-15,45.4
PF00628,"PHD — PHD-палец, ридер метилированных гистонов",gene-LOC141896350,LOC141896350,XP_074637699.1,NC_133892.1,17944985,17956629,-,8.1e-15,44.8
PF00628,"PHD — PHD-палец, ридер метилированных гистонов",gene-LOC141879035,LOC141879035,XP_074620238.1,NC_133885.1,3815641,3827026,-,3.1e-14,42.9
PF00628,"PHD — PHD-палец, ридер метилированных гистонов",gene-LOC141897858,LOC141897858,XP_074639602.1,NC_133892.1,20369193,20386807,+,4.6e-14,42.4
PF00628,"PHD — PHD-палец, ридер метилированных гистонов",gene-LOC141891946,LOC141891946,XP_074633118.1,NC_133890.1,4164980,4187754,-,2.7e-13,40.0
PF00628,"PHD — PHD-палец, ридер метилированных гистонов",gene-LOC141891946,LOC141891946,XP_074633117.1,NC_133890.1,4164980,4187754,-,2.7e-13,40.0
PF00628,"PHD — PHD-палец, ридер метилированных гистонов",gene-LOC141863071,LOC141863071,XP_074608657.1,NC_133894.1,14994735,15008474,-,3.6e-13,39.6
PF00628,"PHD — PHD-палец, ридер метилированных гистонов",gene-LOC141864379,LOC141864379,XP_074610207.1,NC_133894.1,19381332,19394223,+,7.6e-13,38.5
PF00628,"PHD — PHD-палец, ридер метилированных гистонов",gene-LOC141878347,LOC141878347,XP_074619361.1,NC_133885.1,23404243,23421696,-,1.1e-12,38.0
PF00628,"PHD — PHD-палец, ридер метилированных гистонов",gene-LOC141878347,LOC141878347,XP_074619359.1,NC_133885.1,23404243,23421696,-,1.3e-12,37.8
PF00628,"PHD — PHD-палец, ридер метилированных гистонов",gene-LOC141878347,LOC141878347,XP_074619358.1,NC_133885.1,23404243,23421696,-,1.3e-12,37.8
PF00628,"PHD — PHD-палец, ридер метилированных гистонов",gene-LOC141878347,LOC141878347,XP_074619357.1,NC_133885.1,23404243,23421696,-,1.4e-12,37.6
PF00628,"PHD — PHD-палец, ридер метилированных гистонов",gene-LOC141878347,LOC141878347,XP_074619356.1,NC_133885.1,23404243,23421696,-,1.4e-12,37.6
PF00628,"PHD — PHD-палец, ридер метилированных гистонов",gene-LOC141860484,LOC141860484,XP_074607698.1,NC_133893.1,13398297,13418891,-,1.5e-12,37.5
PF00628,"PHD — PHD-палец, ридер метилированных гистонов",gene-LOC141892919,LOC141892919,XP_074634356.1,NC_133890.1,19088491,19106512,+,3.5e-12,36.4
PF00628,"PHD — PHD-палец, ридер метилированных гистонов",gene-LOC141892919,LOC141892919,XP_074634357.1,NC_133890.1,19088491,19106512,+,3.5e-12,36.4
PF00628,"PHD — PHD-палец, ридер метилированных гистонов",gene-LOC141897860,LOC141897860,XP_074639610.1,NC_133892.1,20527801,20540678,-,2.7e-11,33.5
PF00628,"PHD — PHD-палец, ридер метилированных гистонов",gene-LOC141897860,LOC141897860,XP_074639609.1,NC_133892.1,20527801,20540678,-,2.7e-11,33.5
PF00628,"PHD — PHD-палец, ридер метилированных гистонов",gene-LOC141883849,LOC141883849,XP_074625602.1,NC_133882.1,13771525,13775858,-,4.3e-11,32.9
PF00628,"PHD — PHD-палец, ридер метилированных гистонов",gene-LOC141863715,LOC141863715,XP_074609488.1,NC_133894.1,16693541,16721494,+,8.3e-11,32.0
PF00628,"PHD — PHD-палец, ридер метилированных гистонов",gene-LOC141893719,LOC141893719,XP_074635206.1,NC_133891.1,6730449,6759850,+,1.5e-10,31.1
PF00628,"PHD — PHD-палец, ридер метилированных гистонов",gene-LOC141863071,LOC141863071,XP_074608658.1,NC_133894.1,14994735,15008474,-,2.5e-10,30.5
PF00628,"PHD — PHD-палец, ридер метилированных гистонов",gene-LOC141893439,LOC141893439,XP_074634948.1,NC_133890.1,404760,419637,+,2.5e-10,30.4
PF00628,"PHD — PHD-палец, ридер метилированных гистонов",gene-LOC141893439,LOC141893439,XP_074634950.1,NC_133890.1,404760,419637,+,2.5e-10,30.4
PF00628,"PHD — PHD-палец, ридер метилированных гистонов",gene-LOC141865792,LOC141865792,XP_074611203.1,NC_133895.1,6585273,6590802,-,2.5e-10,30.5
PF00628,"PHD — PHD-палец, ридер метилированных гистонов",gene-LOC141893439,LOC141893439,XP_074634947.1,NC_133890.1,404760,419637,+,4.7e-10,29.6
PF00628,"PHD — PHD-палец, ридер метилированных гистонов",gene-LOC141893439,LOC141893439,XP_074634946.1,NC_133890.1,404760,419637,+,5e-10,29.5
PF00628,"PHD — PHD-палец, ридер метилированных гистонов",gene-LOC141893439,LOC141893439,XP_074634945.1,NC_133890.1,404760,419637,+,5.1e-10,29.5
PF00628,"PHD — PHD-палец, ридер метилированных гистонов",gene-LOC141859911,LOC141859911,XP_074606903.1,NC_133893.1,216188,231436,+,5.8e-10,29.3
PF00628,"PHD — PHD-палец, ридер метилированных гистонов",gene-LOC141876919,LOC141876919,XP_074617827.1,NC_133884.1,21354863,21357830,-,6.8e-10,29.1
PF00628,"PHD — PHD-палец, ридер метилированных гистонов",gene-LOC141859911,LOC141859911,XP_074606904.1,NC_133893.1,216188,231436,+,7.5e-10,28.9
PF00628,"PHD — PHD-палец, ридер метилированных гистонов",gene-LOC141876728,LOC141876728,XP_074617575.1,NC_133884.1,23999223,24004214,-,1.3e-09,28.2
PF00628,"PHD — PHD-палец, ридер метилированных гистонов",gene-LOC141863293,LOC141863293,XP_074608869.1,NC_133894.1,517407,527601,-,1.6e-09,27.8
PF00628,"PHD — PHD-палец, ридер метилированных гистонов",gene-LOC141863293,LOC141863293,XP_074608870.1,NC_133894.1,517407,527601,-,1.6e-09,27.8
PF00628,"PHD — PHD-палец, ридер метилированных гистонов",gene-LOC141880294,LOC141880294,XP_074621876.1,NC_133885.1,8274149,8291235,-,2.2e-09,27.4
PF00628,"PHD — PHD-палец, ридер метилированных гистонов",gene-LOC141880294,LOC141880294,XP_074621877.1,NC_133885.1,8274149,8291235,-,2.2e-09,27.4
PF00628,"PHD — PHD-палец, ридер метилированных гистонов",gene-LOC141896496,LOC141896496,XP_074637823.1,NC_133892.1,18156669,18163749,-,2.6e-09,27.2
PF00628,"PHD — PHD-палец, ридер метилированных гистонов",gene-LOC141894250,LOC141894250,XP_074635925.1,NC_133891.1,11600106,11605477,-,4.2e-09,26.5
PF00628,"PHD — PHD-палец, ридер метилированных гистонов",gene-LOC141860122,LOC141860122,XP_074607220.1,NC_133893.1,2893305,2907804,-,4.8e-09,26.3
PF00628,"PHD — PHD-палец, ридер метилированных гистонов",gene-LOC141884480,LOC141884480,XP_074626371.1,NC_133887.1,22441983,22446798,+,7.5e-09,25.7
PF00628,"PHD — PHD-палец, ридер метилированных гистонов",gene-LOC141874684,LOC141874684,XP_074615138.1,NC_133883.1,5071561,5073884,+,7.9e-09,25.6
PF00628,"PHD — PHD-палец, ридер метилированных гистонов",gene-LOC141897168,LOC141897168,XP_074638733.1,NC_133892.1,14372688,14389244,+,1.1e-08,25.1
PF00628,"PHD — PHD-палец, ридер метилированных гистонов",gene-LOC141875988,LOC141875988,XP_074616588.1,NC_133882.1,6855775,6861351,+,1.2e-08,25.1
PF00628,"PHD — PHD-палец, ридер метилированных гистонов",gene-LOC141875988,LOC141875988,XP_074616579.1,NC_133882.1,6855775,6861351,+,1.2e-08,25.1
PF00628,"PHD — PHD-палец, ридер метилированных гистонов",gene-LOC141880514,LOC141880514,XP_074622070.1,NC_133886.1,8034722,8050695,-,2e-08,24.3
PF00628,"PHD — PHD-палец, ридер метилированных гистонов",gene-LOC141886141,LOC141886141,XP_074628290.1,NC_133888.1,19898950,19908227,-,2.6e-08,24.0
PF00628,"PHD — PHD-палец, ридер метилированных гистонов",gene-LOC141886141,LOC141886141,XP_074628289.1,NC_133888.1,19898950,19908227,-,2.6e-08,24.0
PF00628,"PHD — PHD-палец, ридер метилированных гистонов",gene-LOC141863237,LOC141863237,XP_074608794.1,NC_133894.1,16024223,16035275,+,7e-08,22.6
PF00628,"PHD — PHD-палец, ридер метилированных гистонов",gene-LOC141883491,LOC141883491,XP_074625087.1,NC_133887.1,13871869,13896881,+,1.3e-07,21.7
PF00628,"PHD — PHD-палец, ридер метилированных гистонов",gene-LOC141881139,LOC141881139,XP_074622927.1,NC_133886.1,17425018,17428595,+,1.4e-07,21.6
PF00628,"PHD — PHD-палец, ридер метилированных гистонов",gene-LOC141882147,LOC141882147,XP_074624195.1,NC_133886.1,10526288,10533547,+,2.3e-07,21.0
PF00628,"PHD — PHD-палец, ридер метилированных гистонов",gene-LOC141881460,LOC141881460,XP_074623346.1,NC_133886.1,7397846,7402471,+,2.7e-07,20.7
PF00628,"PHD — PHD-палец, ридер метилированных гистонов",gene-LOC141859259,LOC141859259,XP_074606190.1,NC_133882.1,21283722,21287758,+,2.9e-07,20.7
PF00628,"PHD — PHD-палец, ридер метилированных гистонов",gene-LOC141866549,LOC141866549,XP_074612175.1,NC_133895.1,17371083,17381073,+,3.3e-07,20.4
PF00628,"PHD — PHD-палец, ридер метилированных гистонов",gene-LOC141892845,LOC141892845,XP_074634286.1,NC_133890.1,4426229,4427374,+,3.4e-07,20.4
PF00628,"PHD — PHD-палец, ридер метилированных гистонов",gene-LOC141866017,LOC141866017,XP_074611528.1,NC_133895.1,18022436,18044509,+,5e-07,19.9
PF00628,"PHD — PHD-палец, ридер метилированных гистонов",gene-LOC141888982,LOC141888982,XP_074630161.1,NC_133889.1,20118283,20120414,-,8e-07,19.2
PF00628,"PHD — PHD-палец, ридер метилированных гистонов",gene-LOC141860366,LOC141860366,XP_074607549.1,NC_133893.1,12585240,12587371,+,8e-07,19.2
PF00628,"PHD — PHD-палец, ридер метилированных гистонов",gene-LOC141889326,LOC141889326,XP_074630687.1,NC_133889.1,7015321,7017452,+,8e-07,19.2
PF00628,"PHD — PHD-палец, ридер метилированных гистонов",gene-LOC141865697,LOC141865697,XP_074611103.1,NC_133895.1,17841624,17846286,+,8.7e-07,19.1
PF00628,"PHD — PHD-палец, ридер метилированных гистонов",gene-LOC141885131,LOC141885131,XP_074627100.1,NC_133887.1,22207828,22210388,+,8.8e-07,19.1
PF00628,"PHD — PHD-палец, ридер метилированных гистонов",gene-LOC141883801,LOC141883801,XP_074625522.1,NC_133887.1,3220076,3233113,-,1.8e-06,18.1
PF00628,"PHD — PHD-палец, ридер метилированных гистонов",gene-LOC141892692,LOC141892692,XP_074634123.1,NC_133890.1,12422200,12425250,+,5.7e-06,16.5
PF00850,Hist_deacetyl — гистондеацетилаза (HDAC),gene-LOC141879107,LOC141879107,XP_074620330.1,NC_133885.1,9500940,9511754,-,4.7e-100,324.7
PF00850,Hist_deacetyl — гистондеацетилаза (HDAC),gene-LOC141879107,LOC141879107,XP_074620331.1,NC_133885.1,9500940,9511754,-,4.7e-100,324.7
PF00850,Hist_deacetyl — гистондеацетилаза (HDAC),gene-LOC141881026,LOC141881026,XP_074622761.1,NC_133886.1,4339872,4372585,-,1.5e-94,306.6
PF00850,Hist_deacetyl — гистондеацетилаза (HDAC),gene-LOC141881026,LOC141881026,XP_074622760.1,NC_133886.1,4339872,4372585,-,1.5e-94,306.6
PF00850,Hist_deacetyl — гистондеацетилаза (HDAC),gene-LOC141881026,LOC141881026,XP_074622758.1,NC_133886.1,4339872,4372585,-,1.6e-94,306.6
PF00850,Hist_deacetyl — гистондеацетилаза (HDAC),gene-LOC141881026,LOC141881026,XP_074622759.1,NC_133886.1,4339872,4372585,-,1.6e-94,306.6
PF00850,Hist_deacetyl — гистондеацетилаза (HDAC),gene-LOC141894140,LOC141894140,XP_074635790.1,NC_133891.1,327151,334508,-,4.5e-92,298.5
PF00850,Hist_deacetyl — гистондеацетилаза (HDAC),gene-LOC141884993,LOC141884993,XP_074626997.1,NC_133887.1,10446989,10455336,-,2.1e-89,289.7
PF00850,Hist_deacetyl — гистондеацетилаза (HDAC),gene-LOC141865392,LOC141865392,XP_074610746.1,NC_133895.1,13526457,13538671,+,2.5e-89,289.5
PF00850,Hist_deacetyl — гистондеацетилаза (HDAC),gene-LOC141879302,LOC141879302,XP_074620641.1,NC_133885.1,445768,458472,-,2e-60,194.6
PF00850,Hist_deacetyl — гистондеацетилаза (HDAC),gene-LOC141897314,LOC141897314,XP_074638939.1,NC_133892.1,8947397,8955415,-,3.4e-58,187.3
PF00850,Hist_deacetyl — гистондеацетилаза (HDAC),gene-LOC141897314,LOC141897314,XP_074638938.1,NC_133892.1,8947397,8955415,-,4.7e-58,186.9
PF00850,Hist_deacetyl — гистондеацетилаза (HDAC),gene-LOC141897314,LOC141897314,XP_074638940.1,NC_133892.1,8947397,8955415,-,6.1e-53,170.0
PF00856,SET — гистон-лизин-метилтрансфераза,gene-LOC141874844,LOC141874844,XP_074615368.1,NC_133883.1,21853792,21868252,-,3.2e-32,101.3
PF00856,SET — гистон-лизин-метилтрансфераза,gene-LOC141874844,LOC141874844,XP_074615367.1,NC_133883.1,21853792,21868252,-,8.3e-32,100.0
PF00856,SET — гистон-лизин-метилтрансфераза,gene-LOC141895196,LOC141895196,XP_074637075.1,NC_133882.1,9112905,9130797,+,1.6e-29,92.6
PF00856,SET — гистон-лизин-метилтрансфераза,gene-LOC141892919,LOC141892919,XP_074634356.1,NC_133890.1,19088491,19106512,+,1.9e-29,92.4
PF00856,SET — гистон-лизин-метилтрансфераза,gene-LOC141892919,LOC141892919,XP_074634357.1,NC_133890.1,19088491,19106512,+,1.9e-29,92.4
PF00856,SET — гистон-лизин-метилтрансфераза,gene-LOC141886860,LOC141886860,XP_074629238.1,NC_133888.1,21706024,21725195,+,3.3e-29,91.6
PF00856,SET — гистон-лизин-метилтрансфераза,gene-LOC141886860,LOC141886860,XP_074629239.1,NC_133888.1,21706024,21725195,+,4e-29,91.4
PF00856,SET — гистон-лизин-метилтрансфераза,gene-LOC141864629,LOC141864629,XP_074610563.1,NC_133894.1,2135446,2139548,-,4.6e-29,91.2
PF00856,SET — гистон-лизин-метилтрансфераза,gene-LOC141886046,LOC141886046,XP_074628137.1,NC_133888.1,19819313,19830176,+,4.8e-29,91.1
PF00856,SET — гистон-лизин-метилтрансфераза,gene-LOC141894387,LOC141894387,XP_074636141.1,NC_133891.1,14472588,14485595,+,5.7e-29,90.8
PF00856,SET — гистон-лизин-метилтрансфераза,gene-LOC141878028,LOC141878028,XP_074619148.1,NC_133882.1,24786514,24810782,+,1.7e-27,86.1
PF00856,SET — гистон-лизин-метилтрансфераза,gene-LOC141878028,LOC141878028,XP_074619147.1,NC_133882.1,24786514,24810782,+,1.9e-27,86.0
PF00856,SET — гистон-лизин-метилтрансфераза,gene-LOC141878028,LOC141878028,XP_074619146.1,NC_133882.1,24786514,24810782,+,2e-27,85.9
PF00856,SET — гистон-лизин-метилтрансфераза,gene-LOC141878028,LOC141878028,XP_074619145.1,NC_133882.1,24786514,24810782,+,2e-27,85.9
PF00856,SET — гистон-лизин-метилтрансфераза,gene-LOC141881716,LOC141881716,XP_074623654.1,NC_133886.1,23213328,23262186,-,8.2e-27,83.9
PF00856,SET — гистон-лизин-метилтрансфераза,gene-LOC141881716,LOC141881716,XP_074623655.1,NC_133886.1,23213328,23262186,-,8.2e-27,83.9
PF00856,SET — гистон-лизин-метилтрансфераза,gene-LOC141894615,LOC141894615,XP_074636415.1,NC_133891.1,14686061,14694608,+,9.3e-26,80.5
PF00856,SET — гистон-лизин-метилтрансфераза,gene-LOC141879152,LOC141879152,XP_074620395.1,NC_133885.1,21031701,21033943,-,4.3e-24,75.2
PF00856,SET — гистон-лизин-метилтрансфераза,gene-LOC141858876,LOC141858876,XP_074605824.1,NC_133892.1,15729863,15769025,+,1.2e-21,67.3
PF00856,SET — гистон-лизин-метилтрансфераза,gene-LOC141858876,LOC141858876,XP_074605827.1,NC_133892.1,15729863,15769025,+,1.3e-21,67.2
PF00856,SET — гистон-лизин-метилтрансфераза,gene-LOC141858876,LOC141858876,XP_074605826.1,NC_133892.1,15729863,15769025,+,1.3e-21,67.2
PF00856,SET — гистон-лизин-метилтрансфераза,gene-LOC141858876,LOC141858876,XP_074605822.1,NC_133892.1,15729863,15769025,+,1.5e-21,67.0
PF00856,SET — гистон-лизин-метилтрансфераза,gene-LOC141858876,LOC141858876,XP_074605823.1,NC_133892.1,15729863,15769025,+,1.5e-21,67.0
PF00856,SET — гистон-лизин-метилтрансфераза,gene-LOC141863585,LOC141863585,XP_074609275.1,NC_133894.1,15819168,15830339,-,2e-19,60.1
PF00856,SET — гистон-лизин-метилтрансфераза,gene-LOC141863585,LOC141863585,XP_074609276.1,NC_133894.1,15819168,15830339,-,2e-19,60.1
PF00856,SET — гистон-лизин-метилтрансфераза,gene-LOC141894290,LOC141894290,XP_074635990.1,NC_133882.1,9082128,9088335,+,1.4e-17,54.3
PF00856,SET — гистон-лизин-метилтрансфераза,gene-LOC141894290,LOC141894290,XP_074635982.1,NC_133882.1,9082128,9088335,+,1.4e-17,54.3
PF00856,SET — гистон-лизин-метилтрансфераза,gene-LOC141866288,LOC141866288,XP_074611868.1,NC_133895.1,13978063,13987085,-,1.8e-17,53.9
PF00856,SET — гистон-лизин-метилтрансфераза,gene-LOC141866288,LOC141866288,XP_074611867.1,NC_133895.1,13978063,13987085,-,1.9e-17,53.8
PF00856,SET — гистон-лизин-метилтрансфераза,gene-LOC141894271,LOC141894271,XP_074635954.1,NC_133882.1,9090884,9101779,+,1.5e-16,51.0
PF00856,SET — гистон-лизин-метилтрансфераза,gene-LOC141894271,LOC141894271,XP_074635961.1,NC_133882.1,9090884,9101779,+,1.5e-16,51.0
PF00856,SET — гистон-лизин-метилтрансфераза,gene-LOC141859050,LOC141859050,XP_074606036.1,NC_133892.1,338066,341715,-,2.2e-16,50.4
PF00856,SET — гистон-лизин-метилтрансфераза,gene-LOC141894316,LOC141894316,XP_074636073.1,NC_133882.1,9056488,9068817,+,2.4e-16,50.3
PF00856,SET — гистон-лизин-метилтрансфераза,gene-LOC141894316,LOC141894316,XP_074636064.1,NC_133882.1,9056488,9068817,+,2.4e-16,50.3
PF00856,SET — гистон-лизин-метилтрансфераза,gene-LOC141894316,LOC141894316,XP_074636082.1,NC_133882.1,9056488,9068817,+,2.4e-16,50.3
PF00856,SET — гистон-лизин-метилтрансфераза,gene-LOC141894316,LOC141894316,XP_074636045.1,NC_133882.1,9056488,9068817,+,2.4e-16,50.3
PF00856,SET — гистон-лизин-метилтрансфераза,gene-LOC141894316,LOC141894316,XP_074636054.1,NC_133882.1,9056488,9068817,+,2.4e-16,50.3
PF00856,SET — гистон-лизин-метилтрансфераза,gene-LOC141894316,LOC141894316,XP_074636038.1,NC_133882.1,9056488,9068817,+,2.4e-16,50.3
PF00856,SET — гистон-лизин-метилтрансфераза,gene-LOC141894316,LOC141894316,XP_074636020.1,NC_133882.1,9056488,9068817,+,2.4e-16,50.3
PF00856,SET — гистон-лизин-метилтрансфераза,gene-LOC141894316,LOC141894316,XP_074636029.1,NC_133882.1,9056488,9068817,+,2.4e-16,50.3
PF00856,SET — гистон-лизин-метилтрансфераза,gene-LOC141894246,LOC141894246,XP_074635923.1,NC_133882.1,9068954,9078597,-,3e-16,49.9
PF00856,SET — гистон-лизин-метилтрансфераза,gene-LOC141896624,LOC141896624,XP_074638020.1,NC_133892.1,19244136,19252277,+,5.8e-16,49.0
PF00856,SET — гистон-лизин-метилтрансфераза,gene-LOC141881212,LOC141881212,XP_074623035.1,NC_133886.1,502998,508213,-,5.8e-16,49.0
PF00856,SET — гистон-лизин-метилтрансфераза,gene-LOC141884376,LOC141884376,XP_074626262.1,NC_133887.1,16683462,16684555,-,1.2e-15,48.0
PF00856,SET — гистон-лизин-метилтрансфераза,gene-LOC141894058,LOC141894058,XP_074635699.1,NC_133891.1,766468,777845,+,1.8e-15,47.4
PF00856,SET — гистон-лизин-метилтрансфераза,gene-LOC141892447,LOC141892447,XP_074633830.1,NC_133882.1,21614082,21624173,+,1.9e-15,47.4
PF00856,SET — гистон-лизин-метилтрансфераза,gene-LOC141863847,LOC141863847,XP_074609640.1,NC_133894.1,13495106,13497552,-,2.1e-15,47.2
PF00856,SET — гистон-лизин-метилтрансфераза,gene-LOC141894248,LOC141894248,XP_074635926.1,NC_133882.1,9042767,9056534,-,2.5e-15,47.0
PF00856,SET — гистон-лизин-метилтрансфераза,gene-LOC141894248,LOC141894248,XP_074635929.1,NC_133882.1,9042767,9056534,-,2.5e-15,47.0
PF00856,SET — гистон-лизин-метилтрансфераза,gene-LOC141894248,LOC141894248,XP_074635944.1,NC_133882.1,9042767,9056534,-,2.5e-15,47.0
PF00856,SET — гистон-лизин-метилтрансфераза,gene-LOC141894248,LOC141894248,XP_074635936.1,NC_133882.1,9042767,9056534,-,2.5e-15,47.0
PF00856,SET — гистон-лизин-метилтрансфераза,gene-LOC141893952,LOC141893952,XP_074635550.1,NC_133891.1,88410,100263,-,3.3e-15,46.6
PF00856,SET — гистон-лизин-метилтрансфераза,gene-LOC141866037,LOC141866037,XP_074611553.1,NC_133895.1,10278749,10284253,+,3.3e-15,46.6
PF00856,SET — гистон-лизин-метилтрансфераза,gene-LOC141894281,LOC141894281,XP_074635972.1,NC_133882.1,9132077,9135712,-,8.1e-15,45.4
PF00856,SET — гистон-лизин-метилтрансфераза,gene-LOC141886117,LOC141886117,XP_074628255.1,NC_133888.1,19737985,19746685,+,1e-14,45.0
PF00856,SET — гистон-лизин-метилтрансфераза,gene-LOC141873268,LOC141873268,XP_074613313.1,NC_133883.1,22855120,22878911,+,1.1e-14,44.9
PF00856,SET — гистон-лизин-метилтрансфераза,gene-LOC141873268,LOC141873268,XP_074613312.1,NC_133883.1,22855120,22878911,+,1.1e-14,44.9
PF00856,SET — гистон-лизин-метилтрансфераза,gene-LOC141873268,LOC141873268,XP_074613311.1,NC_133883.1,22855120,22878911,+,1.1e-14,44.9
PF00856,SET — гистон-лизин-метилтрансфераза,gene-LOC141873268,LOC141873268,XP_074613314.1,NC_133883.1,22855120,22878911,+,1.1e-14,44.9
PF00856,SET — гистон-лизин-метилтрансфераза,gene-LOC141894303,LOC141894303,XP_074635999.1,NC_133882.1,9120372,9125112,+,1.8e-14,44.2
PF00856,SET — гистон-лизин-метилтрансфераза,gene-LOC141894303,LOC141894303,XP_074636007.1,NC_133882.1,9120372,9125112,+,1.8e-14,44.2
PF00856,SET — гистон-лизин-метилтрансфераза,gene-LOC141863715,LOC141863715,XP_074609488.1,NC_133894.1,16693541,16721494,+,2.2e-14,44.0
PF00856,SET — гистон-лизин-метилтрансфераза,gene-LOC141874279,LOC141874279,XP_074614574.1,NC_133883.1,1736516,1754835,-,6e-13,39.4
PF00856,SET — гистон-лизин-метилтрансфераза,gene-LOC141884264,LOC141884264,XP_074626117.1,NC_133887.1,8346963,8356913,+,6.4e-13,39.3
PF00856,SET — гистон-лизин-метилтрансфераза,gene-LOC141884264,LOC141884264,XP_074626116.1,NC_133887.1,8346963,8356913,+,6.4e-13,39.3
PF00856,SET — гистон-лизин-метилтрансфераза,gene-LOC141866913,LOC141866913,XP_074612561.1,NC_133895.1,18173619,18188388,+,7.1e-13,39.1
PF00856,SET — гистон-лизин-метилтрансфераза,gene-LOC141859408,LOC141859408,XP_074606367.1,NC_133893.1,15635804,15646901,-,8.8e-12,35.6
PF00856,SET — гистон-лизин-метилтрансфераза,gene-LOC141859408,LOC141859408,XP_074606369.1,NC_133893.1,15635804,15646901,-,8.8e-12,35.6
PF00856,SET — гистон-лизин-метилтрансфераза,gene-LOC141880934,LOC141880934,XP_074622642.1,NC_133886.1,13282752,13285597,+,1.8e-11,34.6
PF00856,SET — гистон-лизин-метилтрансфераза,gene-LOC141859805,LOC141859805,XP_074606789.1,NC_133893.1,16275649,16278832,-,2.6e-11,34.1
PF00856,SET — гистон-лизин-метилтрансфераза,gene-LOC141893951,LOC141893951,XP_074635549.1,NC_133891.1,138398,149983,+,5.1e-11,33.2
PF00856,SET — гистон-лизин-метилтрансфераза,gene-LOC141893951,LOC141893951,XP_074635548.1,NC_133891.1,138398,149983,+,5.1e-11,33.2
PF00856,SET — гистон-лизин-метилтрансфераза,gene-LOC141893951,LOC141893951,XP_074635547.1,NC_133891.1,138398,149983,+,5.1e-11,33.2
PF00856,SET — гистон-лизин-метилтрансфераза,gene-LOC141896539,LOC141896539,XP_074637876.1,NC_133892.1,1056886,1065184,-,7.7e-11,32.6
PF00856,SET — гистон-лизин-метилтрансфераза,gene-LOC141896539,LOC141896539,XP_074637877.1,NC_133892.1,1056886,1065184,-,7.7e-11,32.6
PF00856,SET — гистон-лизин-метилтрансфераза,gene-LOC141896539,LOC141896539,XP_074637875.1,NC_133892.1,1056886,1065184,-,7.7e-11,32.6
PF00856,SET — гистон-лизин-метилтрансфераза,gene-LOC141873486,LOC141873486,XP_074613593.1,NC_133883.1,12541187,12554493,-,2.1e-09,28.0
PF00856,SET — гистон-лизин-метилтрансфераза,gene-LOC141893952,LOC141893952,XP_074635551.1,NC_133891.1,88410,100263,-,2.9e-09,27.5
PF00856,SET — гистон-лизин-метилтрансфераза,gene-LOC141880279,LOC141880279,XP_074621864.1,NC_133885.1,23897775,23901776,+,5.3e-09,26.7
PF00856,SET — гистон-лизин-метилтрансфераза,gene-LOC141880279,LOC141880279,XP_074621865.1,NC_133885.1,23897775,23901776,+,5.6e-09,26.6
PF00856,SET — гистон-лизин-метилтрансфераза,gene-LOC141880279,LOC141880279,XP_074621866.1,NC_133885.1,23897775,23901776,+,5.6e-09,26.6
PF00856,SET — гистон-лизин-метилтрансфераза,gene-LOC141880279,LOC141880279,XP_074621867.1,NC_133885.1,23897775,23901776,+,5.6e-09,26.6
PF00856,SET — гистон-лизин-метилтрансфераза,gene-LOC141866423,LOC141866423,XP_074612030.1,NC_133895.1,16296224,16304838,-,1.3e-08,25.4
PF00856,SET — гистон-лизин-метилтрансфераза,gene-LOC141884455,LOC141884455,XP_074626342.1,NC_133887.1,7794646,7808649,-,1.6e-08,25.1
PF00856,SET — гистон-лизин-метилтрансфераза,gene-LOC141864198,LOC141864198,XP_074610033.1,NC_133894.1,8387009,8388045,-,2.4e-06,18.2
PF00856,SET — гистон-лизин-метилтрансфераза,gene-LOC141884266,LOC141884266,XP_074626119.1,NC_133887.1,7929803,7935391,+,7e-06,16.6
PF01429,MBD — метил-CpG-связывающий домен,gene-LOC141880591,LOC141880591,XP_074622183.1,NC_133886.1,2238107,2266093,-,3.3e-25,77.7
PF01429,MBD — метил-CpG-связывающий домен,gene-LOC141880591,LOC141880591,XP_074622182.1,NC_133886.1,2238107,2266093,-,3.3e-25,77.7
PF01429,MBD — метил-CpG-связывающий домен,gene-LOC141880591,LOC141880591,XP_074622180.1,NC_133886.1,2238107,2266093,-,3.4e-25,77.7
PF01429,MBD — метил-CpG-связывающий домен,gene-LOC141880591,LOC141880591,XP_074622181.1,NC_133886.1,2238107,2266093,-,3.4e-25,77.7
PF01429,MBD — метил-CpG-связывающий домен,gene-LOC141889257,LOC141889257,XP_074630588.1,NC_133882.1,13303402,13312278,-,9.7e-22,66.6
PF01429,MBD — метил-CpG-связывающий домен,gene-LOC141858876,LOC141858876,XP_074605823.1,NC_133892.1,15729863,15769025,+,3.3e-16,48.9
PF01429,MBD — метил-CpG-связывающий домен,gene-LOC141858876,LOC141858876,XP_074605824.1,NC_133892.1,15729863,15769025,+,3.3e-16,48.9
PF01429,MBD — метил-CpG-связывающий домен,gene-LOC141858876,LOC141858876,XP_074605822.1,NC_133892.1,15729863,15769025,+,3.3e-16,48.9
PF01429,MBD — метил-CpG-связывающий домен,gene-LOC141858876,LOC141858876,XP_074605826.1,NC_133892.1,15729863,15769025,+,3.4e-16,48.9
PF01429,MBD — метил-CpG-связывающий домен,gene-LOC141858876,LOC141858876,XP_074605827.1,NC_133892.1,15729863,15769025,+,3.4e-16,48.9
PF01429,MBD — метил-CpG-связывающий домен,gene-LOC141873139,LOC141873139,XP_074613118.1,NC_133883.1,3322300,3324311,-,8.8e-13,37.9
PF01853,MOZ_SAS — MYST-ацетилтрансфераза гистонов,gene-LOC141894073,LOC141894073,XP_074635717.1,NC_133891.1,17255478,17265822,+,2.3e-91,294.3
PF01853,MOZ_SAS — MYST-ацетилтрансфераза гистонов,gene-LOC141894073,LOC141894073,XP_074635718.1,NC_133891.1,17255478,17265822,+,2.3e-91,294.3
PF01853,MOZ_SAS — MYST-ацетилтрансфераза гистонов,gene-LOC141890183,LOC141890183,XP_074631689.1,NC_133889.1,2206262,2213110,+,3e-89,287.5
PF01853,MOZ_SAS — MYST-ацетилтрансфераза гистонов,gene-LOC141893439,LOC141893439,XP_074634947.1,NC_133890.1,404760,419637,+,2.9e-88,284.3
PF01853,MOZ_SAS — MYST-ацетилтрансфераза гистонов,gene-LOC141893439,LOC141893439,XP_074634945.1,NC_133890.1,404760,419637,+,3e-88,284.2
PF01853,MOZ_SAS — MYST-ацетилтрансфераза гистонов,gene-LOC141893439,LOC141893439,XP_074634946.1,NC_133890.1,404760,419637,+,3e-88,284.2
PF01853,MOZ_SAS — MYST-ацетилтрансфераза гистонов,gene-LOC141863291,LOC141863291,XP_074608880.1,NC_133883.1,7487241,7500718,-,9.4e-88,282.6
PF01853,MOZ_SAS — MYST-ацетилтрансфераза гистонов,gene-LOC141863291,LOC141863291,XP_074608895.1,NC_133883.1,7487241,7500718,-,9.4e-88,282.6
PF01853,MOZ_SAS — MYST-ацетилтрансфераза гистонов,gene-LOC141863291,LOC141863291,XP_074608871.1,NC_133883.1,7487241,7500718,-,9.4e-88,282.6
PF01853,MOZ_SAS — MYST-ацетилтрансфераза гистонов,gene-LOC141863291,LOC141863291,XP_074608903.1,NC_133883.1,7487241,7500718,-,9.4e-88,282.6
PF01853,MOZ_SAS — MYST-ацетилтрансфераза гистонов,gene-LOC141863291,LOC141863291,XP_074608889.1,NC_133883.1,7487241,7500718,-,9.4e-88,282.6
PF01853,MOZ_SAS — MYST-ацетилтрансфераза гистонов,gene-LOC141893439,LOC141893439,XP_074634948.1,NC_133890.1,404760,419637,+,1e-40,129.4
PF01853,MOZ_SAS — MYST-ацетилтрансфераза гистонов,gene-LOC141893439,LOC141893439,XP_074634950.1,NC_133890.1,404760,419637,+,1e-40,129.4
PF02008,zf-CXXC — CXXC цинковый палец (связывание неметилированных CpG),gene-LOC141863071,LOC141863071,XP_074608658.1,NC_133894.1,14994735,15008474,-,5e-19,58.3
PF02008,zf-CXXC — CXXC цинковый палец (связывание неметилированных CpG),gene-LOC141863071,LOC141863071,XP_074608657.1,NC_133894.1,14994735,15008474,-,6e-19,58.0
PF02008,zf-CXXC — CXXC цинковый палец (связывание неметилированных CpG),gene-LOC141892919,LOC141892919,XP_074634357.1,NC_133890.1,19088491,19106512,+,1.2e-16,50.7
PF02008,zf-CXXC — CXXC цинковый палец (связывание неметилированных CpG),gene-LOC141892919,LOC141892919,XP_074634356.1,NC_133890.1,19088491,19106512,+,1.2e-16,50.7
PF02008,zf-CXXC — CXXC цинковый палец (связывание неметилированных CpG),gene-LOC141894050,LOC141894050,XP_074635693.1,NC_133891.1,6299191,6320257,-,1.2e-16,50.7
PF02008,zf-CXXC — CXXC цинковый палец (связывание неметилированных CpG),gene-LOC141894050,LOC141894050,XP_074635694.1,NC_133891.1,6299191,6320257,-,1.2e-16,50.7
PF02008,zf-CXXC — CXXC цинковый палец (связывание неметилированных CpG),gene-LOC141894050,LOC141894050,XP_074635692.1,NC_133891.1,6299191,6320257,-,1.5e-16,50.4
PF02008,zf-CXXC — CXXC цинковый палец (связывание неметилированных CpG),gene-LOC141882846,LOC141882846,XP_074624725.1,NC_133882.1,26316122,26342292,-,1.5e-16,50.3
PF02008,zf-CXXC — CXXC цинковый палец (связывание неметилированных CpG),gene-LOC141861055,LOC141861055,XP_074608365.1,NC_133893.1,19705467,19719041,-,8e-11,32.0
PF02146,"SIR2 — сиртуин, NAD-зависимая деацетилаза",gene-LOC141890550,LOC141890550,XP_074632167.1,NC_133889.1,21858168,21867410,+,1.1e-68,220.8
PF02146,"SIR2 — сиртуин, NAD-зависимая деацетилаза",gene-LOC141890550,LOC141890550,XP_074632166.1,NC_133889.1,21858168,21867410,+,1.1e-68,220.7
PF02146,"SIR2 — сиртуин, NAD-зависимая деацетилаза",gene-LOC141874090,LOC141874090,XP_074614348.1,NC_133883.1,9367539,9378012,+,3.9e-65,209.2
PF02146,"SIR2 — сиртуин, NAD-зависимая деацетилаза",gene-LOC141858937,LOC141858937,XP_074605901.1,NC_133892.1,19590512,19596283,+,3.4e-60,193.1
PF02146,"SIR2 — сиртуин, NAD-зависимая деацетилаза",gene-LOC141858937,LOC141858937,XP_074605902.1,NC_133892.1,19590512,19596283,+,3.4e-60,193.1
PF02146,"SIR2 — сиртуин, NAD-зависимая деацетилаза",gene-LOC141858937,LOC141858937,XP_074605900.1,NC_133892.1,19590512,19596283,+,3.5e-60,193.1
PF02146,"SIR2 — сиртуин, NAD-зависимая деацетилаза",gene-LOC141876288,LOC141876288,XP_074616934.1,NC_133884.1,8286522,8302319,-,2.9e-52,167.3
PF02146,"SIR2 — сиртуин, NAD-зависимая деацетилаза",gene-LOC141876288,LOC141876288,XP_074616933.1,NC_133884.1,8286522,8302319,-,2.9e-52,167.3
PF02146,"SIR2 — сиртуин, NAD-зависимая деацетилаза",gene-LOC141876288,LOC141876288,XP_074616931.1,NC_133884.1,8286522,8302319,-,2.9e-52,167.3
PF02146,"SIR2 — сиртуин, NAD-зависимая деацетилаза",gene-LOC141894333,LOC141894333,XP_074636048.1,NC_133891.1,6970819,6973732,+,8.2e-48,152.8
PF02146,"SIR2 — сиртуин, NAD-зависимая деацетилаза",gene-LOC141876288,LOC141876288,XP_074616935.1,NC_133884.1,8286522,8302319,-,1.1e-35,113.3
PF02146,"SIR2 — сиртуин, NAD-зависимая деацетилаза",gene-LOC141897278,LOC141897278,XP_074638900.1,NC_133892.1,13961866,13970701,-,6.4e-29,91.2
PF02146,"SIR2 — сиртуин, NAD-зависимая деацетилаза",gene-LOC141858996,LOC141858996,XP_074605966.1,NC_133882.1,11771938,11792553,-,2.1e-28,89.5
PF02373,"JmjC — Jumonji-домен, деметилаза гистонов",gene-LOC141866549,LOC141866549,XP_074612175.1,NC_133895.1,17371083,17381073,+,5.9e-46,145.8
PF02373,"JmjC — Jumonji-домен, деметилаза гистонов",gene-LOC141864374,LOC141864374,XP_074610198.1,NC_133894.1,19455614,19468732,-,2e-44,140.9
PF02373,"JmjC — Jumonji-домен, деметилаза гистонов",gene-LOC141864374,LOC141864374,XP_074610199.1,NC_133894.1,19455614,19468732,-,2e-44,140.9
PF02373,"JmjC — Jumonji-домен, деметилаза гистонов",gene-LOC141892256,LOC141892256,XP_074633558.1,NC_133890.1,2790575,2812200,-,1.7e-30,95.9
PF02373,"JmjC — Jumonji-домен, деметилаза гистонов",gene-LOC141877811,LOC141877811,XP_074618934.1,NC_133884.1,24328798,24339001,+,1.1e-29,93.3
PF02373,"JmjC — Jumonji-домен, деметилаза гистонов",gene-LOC141875542,LOC141875542,XP_074615945.1,NC_133884.1,13200548,13212510,+,1.3e-26,83.4
PF02373,"JmjC — Jumonji-домен, деметилаза гистонов",gene-LOC141876385,LOC141876385,XP_074617060.1,NC_133884.1,13151898,13175836,+,4.2e-26,81.8
PF02373,"JmjC — Jumonji-домен, деметилаза гистонов",gene-LOC141886806,LOC141886806,XP_074629190.1,NC_133888.1,3674222,3681701,-,1.1e-21,67.5
PF02373,"JmjC — Jumonji-домен, деметилаза гистонов",gene-LOC141886806,LOC141886806,XP_074629188.1,NC_133888.1,3674222,3681701,-,1.7e-21,66.9
PF02373,"JmjC — Jumonji-домен, деметилаза гистонов",gene-LOC141884027,LOC141884027,XP_074625811.1,NC_133887.1,22292929,22301835,+,1e-16,51.5
PF02373,"JmjC — Jumonji-домен, деметилаза гистонов",gene-LOC141884027,LOC141884027,XP_074625810.1,NC_133887.1,22292929,22301835,+,1e-16,51.5
PF02373,"JmjC — Jumonji-домен, деметилаза гистонов",gene-LOC141884027,LOC141884027,XP_074625809.1,NC_133887.1,22292929,22301835,+,1.2e-16,51.3
PF02373,"JmjC — Jumonji-домен, деметилаза гистонов",gene-LOC141884027,LOC141884027,XP_074625805.1,NC_133887.1,22292929,22301835,+,1.3e-16,51.2
PF02373,"JmjC — Jumonji-домен, деметилаза гистонов",gene-LOC141884027,LOC141884027,XP_074625808.1,NC_133887.1,22292929,22301835,+,1.3e-16,51.2
PF02373,"JmjC — Jumonji-домен, деметилаза гистонов",gene-LOC141884027,LOC141884027,XP_074625807.1,NC_133887.1,22292929,22301835,+,1.3e-16,51.2
PF02373,"JmjC — Jumonji-домен, деметилаза гистонов",gene-LOC141884027,LOC141884027,XP_074625806.1,NC_133887.1,22292929,22301835,+,1.3e-16,51.2
PF02373,"JmjC — Jumonji-домен, деметилаза гистонов",gene-LOC141864379,LOC141864379,XP_074610207.1,NC_133894.1,19381332,19394223,+,2.4e-14,43.9
PF02373,"JmjC — Jumonji-домен, деметилаза гистонов",gene-LOC141886806,LOC141886806,XP_074629189.1,NC_133888.1,3674222,3681701,-,3.6e-14,43.3
PF02373,"JmjC — Jumonji-домен, деметилаза гистонов",gene-LOC141877683,LOC141877683,XP_074618827.1,NC_133884.1,11500216,11506968,+,1.1e-13,41.8
PF02373,"JmjC — Jumonji-домен, деметилаза гистонов",gene-LOC141873308,LOC141873308,XP_074613376.1,NC_133883.1,10278723,10307129,+,2.9e-13,40.4
PF02373,"JmjC — Jumonji-домен, деметилаза гистонов",gene-LOC141873308,LOC141873308,XP_074613377.1,NC_133883.1,10278723,10307129,+,2.9e-13,40.4
PF02373,"JmjC — Jumonji-домен, деметилаза гистонов",gene-LOC141873308,LOC141873308,XP_074613374.1,NC_133883.1,10278723,10307129,+,2.9e-13,40.4
PF02373,"JmjC — Jumonji-домен, деметилаза гистонов",gene-LOC141873308,LOC141873308,XP_074613373.1,NC_133883.1,10278723,10307129,+,2.9e-13,40.4
PF02373,"JmjC — Jumonji-домен, деметилаза гистонов",gene-LOC141873308,LOC141873308,XP_074613372.1,NC_133883.1,10278723,10307129,+,3e-13,40.4
PF02373,"JmjC — Jumonji-домен, деметилаза гистонов",gene-LOC141873308,LOC141873308,XP_074613371.1,NC_133883.1,10278723,10307129,+,3e-13,40.4
PF02373,"JmjC — Jumonji-домен, деметилаза гистонов",gene-LOC141877452,LOC141877452,XP_074618529.1,NC_133884.1,22769456,22782351,-,6.7e-12,36.0
PF02373,"JmjC — Jumonji-домен, деметилаза гистонов",gene-LOC141894050,LOC141894050,XP_074635693.1,NC_133891.1,6299191,6320257,-,7.6e-11,32.6
PF02373,"JmjC — Jumonji-домен, деметилаза гистонов",gene-LOC141894050,LOC141894050,XP_074635692.1,NC_133891.1,6299191,6320257,-,1.1e-10,32.2
PF02373,"JmjC — Jumonji-домен, деметилаза гистонов",gene-LOC141881902,LOC141881902,XP_074623933.1,NC_133886.1,10264792,10278795,-,1.2e-10,32.0
PF02373,"JmjC — Jumonji-домен, деметилаза гистонов",gene-LOC141894050,LOC141894050,XP_074635694.1,NC_133891.1,6299191,6320257,-,4.1e-10,30.3
PF02373,"JmjC — Jumonji-домен, деметилаза гистонов",gene-LOC141897312,LOC141897312,XP_074638933.1,NC_133892.1,8918700,8925547,+,6.3e-10,29.7
PF02373,"JmjC — Jumonji-домен, деметилаза гистонов",gene-LOC141873241,LOC141873241,XP_074613269.1,NC_133883.1,693316,700058,-,4e-09,27.1
PF02373,"JmjC — Jumonji-домен, деметилаза гистонов",gene-LOC141884711,LOC141884711,XP_074626659.1,NC_133887.1,4160394,4170085,-,2.6e-08,24.5
PF02373,"JmjC — Jumonji-домен, деметилаза гистонов",gene-LOC141895894,LOC141895894,XP_074637673.1,NC_133882.1,9348493,9358099,+,1.6e-07,21.9
PF02373,"JmjC — Jumonji-домен, деметилаза гистонов",gene-LOC141886449,LOC141886449,XP_074628714.1,NC_133888.1,4202521,4219251,+,2.4e-07,21.4
PF02373,"JmjC — Jumonji-домен, деметилаза гистонов",gene-LOC141886072,LOC141886072,XP_074628166.1,NC_133888.1,4142199,4146681,+,3.2e-07,21.0
PF02373,"JmjC — Jumonji-домен, деметилаза гистонов",gene-LOC141866545,LOC141866545,XP_074612169.1,NC_133895.1,17673994,17675182,-,4.5e-07,20.5
PF02373,"JmjC — Jumonji-домен, деметилаза гистонов",gene-LOC141873276,LOC141873276,XP_074613323.1,NC_133883.1,8782540,8791204,+,4.6e-07,20.5
PF02373,"JmjC — Jumonji-домен, деметилаза гистонов",gene-LOC141886717,LOC141886717,XP_074629076.1,NC_133888.1,2998683,3006717,-,5.1e-07,20.3
PF02373,"JmjC — Jumonji-домен, деметилаза гистонов",gene-LOC141883549,LOC141883549,XP_074625167.1,NC_133887.1,18024032,18038907,-,5.3e-07,20.2
PF02373,"JmjC — Jumonji-домен, деметилаза гистонов",gene-LOC141873276,LOC141873276,XP_074613322.1,NC_133883.1,8782540,8791204,+,9e-07,19.5
PF02373,"JmjC — Jumonji-домен, деметилаза гистонов",gene-LOC141884160,LOC141884160,XP_074625985.1,NC_133887.1,6798849,6809600,-,1.3e-06,19.0
PF02373,"JmjC — Jumonji-домен, деметилаза гистонов",gene-LOC141884160,LOC141884160,XP_074625984.1,NC_133887.1,6798849,6809600,-,1.4e-06,18.9
PF02373,"JmjC — Jumonji-домен, деметилаза гистонов",gene-LOC141884119,LOC141884119,XP_074625924.1,NC_133887.1,16715720,16733762,-,1.8e-06,18.5
PF02373,"JmjC — Jumonji-домен, деметилаза гистонов",gene-LOC141873777,LOC141873777,XP_074613928.1,NC_133883.1,724634,737694,-,3.5e-06,17.6
PF02373,"JmjC — Jumonji-домен, деметилаза гистонов",gene-LOC141886870,LOC141886870,XP_074629264.1,NC_133882.1,4801487,4807715,-,3.6e-06,17.6
PF02373,"JmjC — Jumonji-домен, деметилаза гистонов",gene-LOC141878526,LOC141878526,XP_074619598.1,NC_133885.1,23047164,23054317,-,4.1e-06,17.4
PF02373,"JmjC — Jumonji-домен, деметилаза гистонов",gene-LOC141879165,LOC141879165,XP_074620416.1,NC_133882.1,21720043,21722245,-,5.1e-06,17.1
PF02463,"SMC_N — SMC-белок (когезин/конденсин), ATPase-домен",gene-LOC141892134,LOC141892134,XP_074633413.1,NC_133890.1,15074741,15102644,-,4.7e-62,199.3
PF02463,"SMC_N — SMC-белок (когезин/конденсин), ATPase-домен",gene-LOC141879893,LOC141879893,XP_074621342.1,NC_133885.1,13059179,13157406,+,2.8e-61,196.7
PF02463,"SMC_N — SMC-белок (когезин/конденсин), ATPase-домен",gene-LOC141873862,LOC141873862,XP_074614040.1,NC_133883.1,23822888,23851866,+,3.2e-54,173.7
PF02463,"SMC_N — SMC-белок (когезин/конденсин), ATPase-домен",gene-LOC141866408,LOC141866408,XP_074612008.1,NC_133895.1,15926996,15948172,+,1.9e-51,164.6
PF02463,"SMC_N — SMC-белок (когезин/конденсин), ATPase-домен",gene-LOC141884253,LOC141884253,XP_074626090.1,NC_133887.1,4288356,4309868,-,2.1e-24,76.2
PF02463,"SMC_N — SMC-белок (когезин/конденсин), ATPase-домен",gene-LOC141889802,LOC141889802,XP_074631216.1,NC_133882.1,981510,1015027,+,7.8e-21,64.5
PF02463,"SMC_N — SMC-белок (когезин/конденсин), ATPase-домен",gene-LOC141889802,LOC141889802,XP_074631225.1,NC_133882.1,981510,1015027,+,1e-20,64.1
PF02463,"SMC_N — SMC-белок (когезин/конденсин), ATPase-домен",gene-LOC141891746,LOC141891746,XP_074632839.1,NC_133890.1,14942708,14943457,-,1.5e-20,63.6
PF02463,"SMC_N — SMC-белок (когезин/конденсин), ATPase-домен",gene-LOC141879054,LOC141879054,XP_074620270.1,NC_133885.1,23728208,23754278,-,2.7e-20,62.8
PF02463,"SMC_N — SMC-белок (когезин/конденсин), ATPase-домен",gene-LOC141897045,LOC141897045,XP_074638578.1,NC_133892.1,20625774,20646867,+,3.3e-18,55.9
PF02463,"SMC_N — SMC-белок (когезин/конденсин), ATPase-домен",gene-LOC141897045,LOC141897045,XP_074638577.1,NC_133892.1,20625774,20646867,+,3.3e-18,55.9
PF02463,"SMC_N — SMC-белок (когезин/конденсин), ATPase-домен",gene-LOC141897045,LOC141897045,XP_074638580.1,NC_133892.1,20625774,20646867,+,3.3e-18,55.9
PF02463,"SMC_N — SMC-белок (когезин/конденсин), ATPase-домен",gene-LOC141897045,LOC141897045,XP_074638576.1,NC_133892.1,20625774,20646867,+,3.3e-18,55.9
PF02463,"SMC_N — SMC-белок (когезин/конденсин), ATPase-домен",gene-LOC141897045,LOC141897045,XP_074638574.1,NC_133892.1,20625774,20646867,+,3.3e-18,55.9
PF02463,"SMC_N — SMC-белок (когезин/конденсин), ATPase-домен",gene-LOC141897045,LOC141897045,XP_074638573.1,NC_133892.1,20625774,20646867,+,3.3e-18,55.9
PF02463,"SMC_N — SMC-белок (когезин/конденсин), ATPase-домен",gene-LOC141897045,LOC141897045,XP_074638579.1,NC_133892.1,20625774,20646867,+,3.3e-18,55.9
PF02463,"SMC_N — SMC-белок (когезин/конденсин), ATPase-домен",gene-LOC141897045,LOC141897045,XP_074638572.1,NC_133892.1,20625774,20646867,+,3.6e-18,55.8
PF02463,"SMC_N — SMC-белок (когезин/конденсин), ATPase-домен",gene-LOC141877697,LOC141877697,XP_074618839.1,NC_133884.1,17971291,17987244,+,1.2e-16,50.8
PF02463,"SMC_N — SMC-белок (когезин/конденсин), ATPase-домен",gene-LOC141877697,LOC141877697,XP_074618838.1,NC_133884.1,17971291,17987244,+,1.5e-16,50.5
PF02463,"SMC_N — SMC-белок (когезин/конденсин), ATPase-домен",gene-LOC141858966,LOC141858966,XP_074605924.1,NC_133892.1,8732235,8745247,-,1.9e-16,50.2
PF02463,"SMC_N — SMC-белок (когезин/конденсин), ATPase-домен",gene-LOC141897739,LOC141897739,XP_074639458.1,NC_133892.1,8753267,8769221,-,2.2e-16,49.9
PF02463,"SMC_N — SMC-белок (когезин/конденсин), ATPase-домен",gene-LOC141860430,LOC141860430,XP_074607636.1,NC_133893.1,16324938,16342404,+,4.3e-15,45.7
PF02463,"SMC_N — SMC-белок (когезин/конденсин), ATPase-домен",gene-LOC141860430,LOC141860430,XP_074607637.1,NC_133893.1,16324938,16342404,+,4.3e-15,45.7
PF02463,"SMC_N — SMC-белок (когезин/конденсин), ATPase-домен",gene-LOC141860430,LOC141860430,XP_074607635.1,NC_133893.1,16324938,16342404,+,4.8e-15,45.6
PF02463,"SMC_N — SMC-белок (когезин/конденсин), ATPase-домен",gene-LOC141878781,LOC141878781,XP_074619917.1,NC_133885.1,21777950,21792962,+,1.2e-14,44.3
PF02463,"SMC_N — SMC-белок (когезин/конденсин), ATPase-домен",gene-LOC141893928,LOC141893928,XP_074635516.1,NC_133891.1,9791055,9841558,-,1.3e-14,44.2
PF02463,"SMC_N — SMC-белок (когезин/конденсин), ATPase-домен",gene-LOC141893928,LOC141893928,XP_074635515.1,NC_133891.1,9791055,9841558,-,1.3e-14,44.2
PF02463,"SMC_N — SMC-белок (когезин/конденсин), ATPase-домен",gene-LOC141893928,LOC141893928,XP_074635514.1,NC_133891.1,9791055,9841558,-,1.4e-14,44.1
PF02463,"SMC_N — SMC-белок (когезин/конденсин), ATPase-домен",gene-LOC141893928,LOC141893928,XP_074635513.1,NC_133891.1,9791055,9841558,-,2.5e-14,43.3
PF02463,"SMC_N — SMC-белок (когезин/конденсин), ATPase-домен",gene-LOC141893928,LOC141893928,XP_074635512.1,NC_133891.1,9791055,9841558,-,2.9e-14,43.0
PF02463,"SMC_N — SMC-белок (когезин/конденсин), ATPase-домен",gene-LOC141893928,LOC141893928,XP_074635511.1,NC_133891.1,9791055,9841558,-,2.9e-14,43.1
PF02463,"SMC_N — SMC-белок (когезин/конденсин), ATPase-домен",gene-LOC141876572,LOC141876572,XP_074617349.1,NC_133884.1,24142179,24156145,+,9.4e-14,41.4
PF02463,"SMC_N — SMC-белок (когезин/конденсин), ATPase-домен",gene-LOC141876572,LOC141876572,XP_074617350.1,NC_133884.1,24142179,24156145,+,9.4e-14,41.4
PF02463,"SMC_N — SMC-белок (когезин/конденсин), ATPase-домен",gene-LOC141860422,LOC141860422,XP_074607622.1,NC_133893.1,18948883,18974647,-,1.9e-13,40.4
PF02463,"SMC_N — SMC-белок (когезин/конденсин), ATPase-домен",gene-LOC141889808,LOC141889808,XP_074631223.1,NC_133889.1,3584108,3603205,-,1.9e-13,40.4
PF02463,"SMC_N — SMC-белок (когезин/конденсин), ATPase-домен",gene-LOC141881621,LOC141881621,XP_074623506.1,NC_133886.1,4004684,4016276,+,2.3e-13,40.1
PF02463,"SMC_N — SMC-белок (когезин/конденсин), ATPase-домен",gene-LOC141860422,LOC141860422,XP_074607621.1,NC_133893.1,18948883,18974647,-,2.4e-13,40.1
PF02463,"SMC_N — SMC-белок (когезин/конденсин), ATPase-домен",gene-LOC141883629,LOC141883629,XP_074625273.1,NC_133887.1,23268058,23294954,+,2.7e-13,39.9
PF02463,"SMC_N — SMC-белок (когезин/конденсин), ATPase-домен",gene-LOC141884755,LOC141884755,XP_074626730.1,NC_133882.1,23783615,23801870,-,4e-13,39.3
PF02463,"SMC_N — SMC-белок (когезин/конденсин), ATPase-домен",gene-LOC141891911,LOC141891911,XP_074633061.1,NC_133890.1,4895954,4920285,+,4.8e-13,39.1
PF02463,"SMC_N — SMC-белок (когезин/конденсин), ATPase-домен",gene-LOC141891911,LOC141891911,XP_074633060.1,NC_133890.1,4895954,4920285,+,4.8e-13,39.1
PF02463,"SMC_N — SMC-белок (когезин/конденсин), ATPase-домен",gene-LOC141883629,LOC141883629,XP_074625274.1,NC_133887.1,23268058,23294954,+,6.8e-13,38.6
PF02463,"SMC_N — SMC-белок (когезин/конденсин), ATPase-домен",gene-LOC141888832,LOC141888832,XP_074629954.1,NC_133889.1,2481535,2490865,-,7.3e-13,38.5
PF02463,"SMC_N — SMC-белок (когезин/конденсин), ATPase-домен",gene-LOC141883885,LOC141883885,XP_074625641.1,NC_133887.1,11052458,11064635,-,8.9e-13,38.2
PF02463,"SMC_N — SMC-белок (когезин/конденсин), ATPase-домен",gene-LOC141860422,LOC141860422,XP_074607620.1,NC_133893.1,18948883,18974647,-,1.1e-12,37.8
PF02463,"SMC_N — SMC-белок (когезин/конденсин), ATPase-домен",gene-LOC141860422,LOC141860422,XP_074607619.1,NC_133893.1,18948883,18974647,-,1.1e-12,37.8
PF02463,"SMC_N — SMC-белок (когезин/конденсин), ATPase-домен",gene-LOC141889808,LOC141889808,XP_074631222.1,NC_133889.1,3584108,3603205,-,1.9e-12,37.1
PF02463,"SMC_N — SMC-белок (когезин/конденсин), ATPase-домен",gene-LOC141880221,LOC141880221,XP_074621773.1,NC_133885.1,22965026,22988912,-,2e-12,37.0
PF02463,"SMC_N — SMC-белок (когезин/конденсин), ATPase-домен",gene-LOC141880221,LOC141880221,XP_074621772.1,NC_133885.1,22965026,22988912,-,2.3e-12,36.8
PF02463,"SMC_N — SMC-белок (когезин/конденсин), ATPase-домен",gene-LOC141882191,LOC141882191,XP_074624258.1,NC_133886.1,3534895,3556485,+,7.6e-12,35.1
PF02463,"SMC_N — SMC-белок (когезин/конденсин), ATPase-домен",gene-LOC141889593,LOC141889593,XP_074631026.1,NC_133889.1,5161027,5174792,+,1.4e-11,34.3
PF02463,"SMC_N — SMC-белок (когезин/конденсин), ATPase-домен",gene-LOC141891755,LOC141891755,XP_074632854.1,NC_133890.1,9303684,9343448,+,1.5e-11,34.2
PF02463,"SMC_N — SMC-белок (когезин/конденсин), ATPase-домен",gene-LOC141891756,LOC141891756,XP_074632856.1,NC_133890.1,9250230,9283077,-,2.2e-11,33.6
PF02463,"SMC_N — SMC-белок (когезин/конденсин), ATPase-домен",gene-LOC141893289,LOC141893289,XP_074634782.1,NC_133890.1,4766946,4800811,-,2.5e-11,33.5
PF02463,"SMC_N — SMC-белок (когезин/конденсин), ATPase-домен",gene-LOC141891756,LOC141891756,XP_074632855.1,NC_133890.1,9250230,9283077,-,3.2e-11,33.1
PF02463,"SMC_N — SMC-белок (когезин/конденсин), ATPase-домен",gene-LOC141891755,LOC141891755,XP_074632852.1,NC_133890.1,9303684,9343448,+,4.2e-11,32.7
PF02463,"SMC_N — SMC-белок (когезин/конденсин), ATPase-домен",gene-LOC141891755,LOC141891755,XP_074632853.1,NC_133890.1,9303684,9343448,+,4.2e-11,32.7
PF02463,"SMC_N — SMC-белок (когезин/конденсин), ATPase-домен",gene-LOC141891755,LOC141891755,XP_074632851.1,NC_133890.1,9303684,9343448,+,4.9e-11,32.5
PF02463,"SMC_N — SMC-белок (когезин/конденсин), ATPase-домен",gene-LOC141884279,LOC141884279,XP_074626139.1,NC_133882.1,20392612,20442673,-,5.9e-11,32.2
PF02463,"SMC_N — SMC-белок (когезин/конденсин), ATPase-домен",gene-LOC141860657,LOC141860657,XP_074607934.1,NC_133893.1,16377978,16382090,+,6.2e-11,32.1
PF02463,"SMC_N — SMC-белок (когезин/конденсин), ATPase-домен",gene-LOC141878708,LOC141878708,XP_074619812.1,NC_133885.1,4408957,4418081,+,6.4e-11,32.1
PF02463,"SMC_N — SMC-белок (когезин/конденсин), ATPase-домен",gene-LOC141878708,LOC141878708,XP_074619811.1,NC_133885.1,4408957,4418081,+,6.4e-11,32.1
PF02463,"SMC_N — SMC-белок (когезин/конденсин), ATPase-домен",gene-LOC141892569,LOC141892569,XP_074634007.1,NC_133890.1,4862303,4891616,+,7.2e-11,31.9
PF02463,"SMC_N — SMC-белок (когезин/конденсин), ATPase-домен",gene-LOC141892569,LOC141892569,XP_074634006.1,NC_133890.1,4862303,4891616,+,7.2e-11,31.9
PF02463,"SMC_N — SMC-белок (когезин/конденсин), ATPase-домен",gene-LOC141877333,LOC141877333,XP_074618372.1,NC_133884.1,12120763,12124161,+,8e-11,31.8
PF02463,"SMC_N — SMC-белок (когезин/конденсин), ATPase-домен",gene-LOC141859619,LOC141859619,XP_074606534.1,NC_133893.1,18976125,18977238,-,2.1e-10,30.4
PF02463,"SMC_N — SMC-белок (когезин/конденсин), ATPase-домен",gene-LOC141891910,LOC141891910,XP_074633058.1,NC_133890.1,4920435,4953144,+,2.5e-10,30.2
PF02463,"SMC_N — SMC-белок (когезин/конденсин), ATPase-домен",gene-LOC141877045,LOC141877045,XP_074617997.1,NC_133884.1,22976027,22987202,+,3.9e-10,29.5
PF02463,"SMC_N — SMC-белок (когезин/конденсин), ATPase-домен",gene-LOC141891910,LOC141891910,XP_074633056.1,NC_133890.1,4920435,4953144,+,4.2e-10,29.4
PF02463,"SMC_N — SMC-белок (когезин/конденсин), ATPase-домен",gene-LOC141891910,LOC141891910,XP_074633055.1,NC_133890.1,4920435,4953144,+,4.2e-10,29.4
PF02463,"SMC_N — SMC-белок (когезин/конденсин), ATPase-домен",gene-LOC141891910,LOC141891910,XP_074633054.1,NC_133890.1,4920435,4953144,+,4.2e-10,29.4
PF02463,"SMC_N — SMC-белок (когезин/конденсин), ATPase-домен",gene-LOC141859616,LOC141859616,XP_074606532.1,NC_133893.1,18837804,18839289,-,9.2e-10,28.3
PF02463,"SMC_N — SMC-белок (когезин/конденсин), ATPase-домен",gene-LOC141884626,LOC141884626,XP_074626556.1,NC_133887.1,6536572,6547372,+,4.8e-09,26.0
PF02463,"SMC_N — SMC-белок (когезин/конденсин), ATPase-домен",gene-LOC141897499,LOC141897499,XP_074639186.1,NC_133892.1,1132608,1159069,-,2e-08,24.0
PF02463,"SMC_N — SMC-белок (когезин/конденсин), ATPase-домен",gene-LOC141897499,LOC141897499,XP_074639185.1,NC_133892.1,1132608,1159069,-,2.4e-08,23.7
PF02463,"SMC_N — SMC-белок (когезин/конденсин), ATPase-домен",gene-LOC141897499,LOC141897499,XP_074639184.1,NC_133892.1,1132608,1159069,-,2.5e-08,23.6
PF02463,"SMC_N — SMC-белок (когезин/конденсин), ATPase-домен",gene-LOC141895603,LOC141895603,XP_074637568.1,NC_133891.1,615836,636247,+,5.5e-08,22.5
PF02463,"SMC_N — SMC-белок (когезин/конденсин), ATPase-домен",gene-LOC141897737,LOC141897737,XP_074639456.1,NC_133892.1,8711356,8724718,+,1.7e-07,20.9
PF02463,"SMC_N — SMC-белок (когезин/конденсин), ATPase-домен",gene-LOC141859592,LOC141859592,XP_074606510.1,NC_133893.1,16372174,16378127,+,2.3e-07,20.5
PF02463,"SMC_N — SMC-белок (когезин/конденсин), ATPase-домен",gene-LOC141879490,LOC141879490,XP_074620880.1,NC_133885.1,13313621,13314508,+,2.8e-07,20.2
PF02463,"SMC_N — SMC-белок (когезин/конденсин), ATPase-домен",gene-LOC141866254,LOC141866254,XP_074611830.1,NC_133895.1,16427777,16446902,-,3.2e-07,20.0
PF02463,"SMC_N — SMC-белок (когезин/конденсин), ATPase-домен",gene-LOC141860744,LOC141860744,XP_074608035.1,NC_133893.1,12577418,12594896,-,4.9e-07,19.4
PF02463,"SMC_N — SMC-белок (когезин/конденсин), ATPase-домен",gene-LOC141893930,LOC141893930,XP_074635517.1,NC_133891.1,9818220,9825368,-,5.1e-07,19.3
PF02463,"SMC_N — SMC-белок (когезин/конденсин), ATPase-домен",gene-LOC141885836,LOC141885836,XP_074627817.1,NC_133888.1,2533578,2551919,+,6e-07,19.1
PF02463,"SMC_N — SMC-белок (когезин/конденсин), ATPase-домен",gene-LOC141885836,LOC141885836,XP_074627816.1,NC_133888.1,2533578,2551919,+,6e-07,19.1
PF02463,"SMC_N — SMC-белок (когезин/конденсин), ATPase-домен",gene-LOC141897399,LOC141897399,XP_074639062.1,NC_133892.1,493288,514217,-,1.5e-06,17.8
PF02463,"SMC_N — SMC-белок (когезин/конденсин), ATPase-домен",gene-LOC141881319,LOC141881319,XP_074623196.1,NC_133886.1,16564571,16589726,+,1.7e-06,17.6
PF02463,"SMC_N — SMC-белок (когезин/конденсин), ATPase-домен",gene-LOC141892316,LOC141892316,XP_074633649.1,NC_133890.1,3400711,3418579,+,1.9e-06,17.5
PF02463,"SMC_N — SMC-белок (когезин/конденсин), ATPase-домен",gene-LOC141881319,LOC141881319,XP_074623192.1,NC_133886.1,16564571,16589726,+,2e-06,17.4
PF02463,"SMC_N — SMC-белок (когезин/конденсин), ATPase-домен",gene-LOC141860324,LOC141860324,XP_074607491.1,NC_133893.1,18839377,18844568,-,2.4e-06,17.2
PF02463,"SMC_N — SMC-белок (когезин/конденсин), ATPase-домен",gene-LOC141881319,LOC141881319,XP_074623193.1,NC_133886.1,16564571,16589726,+,2.7e-06,17.0
PF02463,"SMC_N — SMC-белок (когезин/конденсин), ATPase-домен",gene-LOC141892932,LOC141892932,XP_074634373.1,NC_133890.1,19016925,19022145,-,3.2e-06,16.7
PF02463,"SMC_N — SMC-белок (когезин/конденсин), ATPase-домен",gene-LOC141883522,LOC141883522,XP_074625129.1,NC_133887.1,22975577,22987923,+,4.5e-06,16.3
PF02463,"SMC_N — SMC-белок (когезин/конденсин), ATPase-домен",gene-LOC141895263,LOC141895263,XP_074637137.1,NC_133891.1,15903202,15911714,-,5.6e-06,16.0
PF02463,"SMC_N — SMC-белок (когезин/конденсин), ATPase-домен",gene-LOC141891910,LOC141891910,XP_074633057.1,NC_133890.1,4920435,4953144,+,5.9e-06,15.9
PF02463,"SMC_N — SMC-белок (когезин/конденсин), ATPase-домен",gene-LOC141887269,LOC141887269,XP_074629622.1,NC_133888.1,20478848,20501983,+,8.3e-06,15.4
PF08512,Rad21_Rec8_N — N-домен субъединицы когезина RAD21,gene-LOC141895645,LOC141895645,XP_074637624.1,NC_133891.1,2745403,2758425,-,2.6e-36,114.1
PF08512,Rad21_Rec8_N — N-домен субъединицы когезина RAD21,gene-LOC141876465,LOC141876465,XP_074617195.1,NC_133884.1,7362535,7389014,+,8.1e-29,90.0
PF08512,Rad21_Rec8_N — N-домен субъединицы когезина RAD21,gene-LOC141876465,LOC141876465,XP_074617194.1,NC_133884.1,7362535,7389014,+,8.2e-29,90.0
